NAF65,AZ1,AZ2,AZ3,BZ0,CA0,CB0,CC1,CC2,CC3,CD0,CE0,CF0,CG1,CG2,CH1,CH2,CI0,CJ0,CK0,CL1,CL2,CM1,CM2,DZ0,EZ1,EZ2,FZ0,GZ1,GZ2,GZ3,HZ1,HZ2,HZ3,HZ4,HZ5,IZ0,JA1,JA2,JB0,JC0,KZ1,KZ2,KZ3,LI0,LZ0,MA1,MA2,MB0,MC1,MC2,NZ1,NZ2,NZ3,NZ4,QA0,QB0,RZ1,RZ2,SZ1,SZ2,SZ3,TZ0,UZ0,OZ0,PZ0
AZ1,0.1704474879047264,0.0245951354679803,0.0,0.0,0.2084050689862027,0.01323049881811019,9.363295880149813e-07,0.0,0.0,0.0,0.0009780137623777482,0.0,0.007375155850121399,0.0,0.0,1.904471699550545e-07,3.777576307041402e-07,4.722550177095632e-07,2.648866285229922e-07,0.0,0.0,6.199243692269543e-07,0.0,0.0,0.001076774505070014,1.290518484779473e-05,0.0,0.0,0.0,0.0,0.0,0.0,0.0,0.0,0.0,0.0115404112033233,2.422229142876916e-06,0.0,0.0,2.146406379119759e-07,0.0,0.0,0.0,0.0,2.201144595189499e-06,2.152412316103273e-07,2.066756226103131e-06,1.531299767242435e-07,0.0,4.781257470714798e-06,1.30248612038228e-06,3.345600535296086e-06,0.0,0.0002014141369080811,5.872026151704098e-06,7.101394830281512e-05,0.0005724632379837588,0.0003100376163136013,0.0,0.0,1.141096593826668e-06,0,0,0.0,0.0001285114339561043
AZ2,1.48864905098623e-07,0.2804233374384237,0.0,0.0,8.421392644548014e-06,0.0,0.1377434456928839,0.002260503689249344,0.001238288745908116,0.0,7.567781999054027e-05,0.0,0.0,0.0,0.0,0.0,3.777576307041402e-07,0.0,1.191989828353465e-05,0.0,0.0,1.239848738453909e-06,1.78826895565093e-07,2.654045207236697e-07,5.601158860453886e-05,0.0001110858068270958,0.0004141721636230518,0.0,2.316372822391021e-06,0.0,2.93676173073158e-06,0.0,0.0,0.0,0.0,1.464008271646735e-05,1.972386587771203e-05,0.0001001080302484696,0.0,2.146406379119759e-07,1.152821423691761e-05,0.0,0.0,0.0,1.220634730059631e-05,6.618667872017563e-06,7.381272236082612e-06,1.975376699742742e-05,0.0,1.494142959598374e-05,2.60497224076456e-06,1.147063040672944e-05,0.0,3.011174804273638e-06,3.813790181003693e-06,8.240526424217454e-06,0.0001748481966493526,0.0001686794694119976,0.0,0.0,2.852741484566669e-06,0,0,0.0004209440820851272,5.950702657782658e-05
AZ3,0.0,0.0007897167487684729,0.03364282726892513,0.0,0.00851523925984034,0.0005521546760409721,0.0,0.0,0.0,0.0,0.0001023786637372027,0.0,0.0,0.0,0.0,0.0,0.0,0.0,0.0,0.0,0.0,0.0,0.0,0.0,0.0,0.0,0.0,0.0,0.0,0.0,0.0,0.0,0.0,0.0,0.0,0.0,0.0,0.0,0.0,0.0,0.0,0.0,0.0,0.0,0.0,0.0,0.0,0.0,0.0,0.0,0.0,0.0,0.0,0.0,0.0,0.0,0.0,0.0,0.0,0.0,0.0,0,0,0.0,0.0
BZ0,0.002680461481205806,0.0001724137931034483,0.01813885403596821,0.0198851570964247,0.003189977389137557,0.001369779986665859,0.0003520599250936329,0.004364900298798707,0.001944914775934078,0.6022697696230729,0.02356250286080469,0.0007846925506223296,0.001080779578712514,0.03329882094408993,0.05774167792654465,0.001800106650415175,0.0005428377153218495,0.0007041322314049587,0.0004664653528289892,0.0003433648865868905,0.0004244950133819789,0.0008201599404872605,0.0006748927038626609,0.09122369177688326,0.001247706422018349,0.0004329562995015056,0.004007167353859196,0.000246692681069763,6.040051397253569e-05,0.0001393006945324877,1.968718049120059e-05,6.257582529851223e-05,0.0001745648455579032,4.67505397156257e-05,0.0001288497800125707,0.0009666114613547566,6.782241600055365e-05,2.628736046092906e-05,0.0001523108295887247,4.325008853926314e-05,7.55738488864599e-05,0.0,0.0,0.0,1.580822027454276e-05,6.091326854572262e-05,5.196415654202159e-05,0.0003511270366286904,0.0001143876587259943,8.546497728902701e-05,9.980299897429218e-05,4.22979496248148e-05,0.0,0.0004485535208440212,0.0001204068042859737,3.659763206049516e-05,0.0,0.0002652940011878836,0.0006477265828932192,0.0004387150431437779,7.074798881725338e-05,0,0,0.0004284204284719895,0.0001038034042174307
CA0,0.08343222925195386,0.0001816502463054187,0.03254705144291091,0.006472372697724811,0.1596021180379309,0.01611067337414389,0.002608614232209738,0.006544911275077748,0.0007732249689581216,0.001668034468608945,0.02694420286538197,0.0,0.0,0.0,0.0,0.0,0.0,0.0,0.0,0.0,0.0,0.0,0.0,0.0,0.0,0.0,0.0,0.0,0.0,0.0,0.0,0.0,0.0,0.0,0.0,0.0,0.0,0.0,0.0,0.0,0.0,0.0,0.0,0.0,0.0,0.0,0.0,0.0,0.0,0.0,0.0,0.0,0.0,0.0,0.0,0.0,0.0,0.0,0.0,0.0,0.0,0,0,0.0,0.0
CB0,0.002161369557126907,0.0003571428571428571,0.003910497699707235,0.001022751895991332,0.002832471967145032,0.2737481059458149,0.008073033707865168,0.04887919995121654,0.00341460661474207,0.001190866991031127,0.003645656917044293,0.003927549693479472,0.006881357044425487,0.002227528208595698,0.001929738361380666,0.001743924735278434,0.005358491991538229,0.003721841794569067,0.004823585505403687,0.01169732690361374,0.003895287679258599,0.02465811171037133,0.006036301859799714,0.0002752244879904454,0.0009541284403669725,0.002463625091728029,0.002916965890261717,0.006276577519748739,0.005852425198639896,0.004631681505875134,0.0003344645304444299,0.005842538790626396,0.001508703088841936,0.001129308419563761,0.001701759899434318,0.003658831172396124,0.001369597563929548,0.02701944544472452,0.002842293324671106,0.0002146406379119759,0.0002292833720453614,0.0002106400216041048,0.0003602268781108925,0.0004808042834358624,0.0002885500460239324,0.0007525371560176067,0.0001093904545387443,0.0006074666176650741,0.0,0.008645111164236195,0.001509581413523062,0.0008103522439420732,0.001292735042735043,0.001917560725358553,0.003712028573158182,0.001383196597147324,0.005846806642768308,0.004706394773312216,0.0004431493959813027,0.01509200540596736,1.255206253209334e-05,0,0,0.001148418366031607,0.001292237375161381
CC1,0.007554745068850018,6.157635467980296e-06,0.01572563780844835,0.007445287107258938,0.002678695030224724,0.0007806533729316929,0.1825767790262172,0.01324410025001524,0.006212890845467885,4.89477695058327e-05,0.0009682488823789689,0.0,0.0,0.0,0.0,0.0,0.0,0.0,0.0,0.0,0.0,0.0,0.0,0.0,0.0,0.0,0.0,0.0,0.0,0.0,0.0,0.0,0.0,0.0,0.0,0.0,0.0,0.0,0.0,0.0,0.0,0.0,0.0,0.0,0.0,0.0,0.0,0.0,0.0,0.0,0.0,0.0,0.0,0.0,0.0,0.0,0.0,0.0,0.0,0.0,0.0,0,0,0.0,0.0
CC2,0.002159136583550428,0.0003017241379310345,0.002417398578000837,0.004385698808234019,0.008977031516773568,0.01013031092793503,0.004690074906367041,0.1758265747911458,0.1444497121571283,0.0007617679817105339,0.008692726690163409,0.01568976407207877,0.008461513222652404,0.007843891307103917,0.0005235843262498465,0.001229336482059877,0.004267150196433968,0.004822195985832349,0.002329677897859716,0.001256325534321605,0.0007616409901332872,0.008919471824437418,0.001546852646638054,0.0002604503030034945,0.001922742636407533,0.006411093398112301,0.001334998476149106,0.001346911582754354,0.001370680838789193,0.005351690306056677,0.0003534990972176902,0.002363833727092778,8.85400945769192e-05,0.001620189086577831,0.0004093337523570082,0.001248433053646753,0.06060071282743348,0.03499603889088945,0.001247360727627091,0.0009730733319739427,0.001779870884000547,0.001524836777811314,0.00805255237874754,0.0003532125768967874,0.0009612998759354865,0.004256018682938904,0.002563220596702047,0.001735881416146025,0.00228827788855074,0.003822017690652642,0.00311212777388841,0.000323328394589686,0.009165331196581196,0.00359623491624473,0.0001632060052061263,0.001142767120299567,0.001816884922086473,0.002305286081963967,0.000265282583621684,0.002199812870360744,0.001044103383351401,0,0,0.002413622418726959,0.001479291257957766
CC3,2.381838481577968e-06,0.0002278325123152709,0.001982434127979925,0.000819068255687974,0.0004799616999676987,0.0008176253106248864,0.0007780898876404495,0.004085614976522958,0.02596681341009143,0.0001128436602379975,0.0008249797836468775,0.0009712056474085083,0.0009879257169105584,0.000775049655580442,0.0002269377226384965,0.0002590081511388741,0.0006327440314294349,0.0004500590318772136,0.0003827611782157237,0.000290379234387093,0.0001685729883756541,0.000758787427933792,0.0002546494992846924,6.599725748661918e-05,0.0007938194109126026,0.001259647258280827,0.0001758909273070577,0.001002379366136861,0.001823072821516918,0.003296472363061824,0.0001113794078618199,0.0003601302598812336,0.0002847368950598652,0.000979230253852453,0.0003221244500314268,0.00037716513098299,0.0340714211564414,0.02862405473532589,0.004552000433111364,0.001879071464600393,0.001798999180215876,0.002078918523931312,0.01036555156846857,0.0,0.0005911740771868038,0.005259311873782542,0.004878282820826998,0.005478990567193434,0.0009728198132018049,0.004056299306717667,0.002876703407629312,0.0006359030731730631,0.002252938034188034,0.004747061316441014,0.000778255342333071,0.001408160544844218,0.00639293291389275,0.00773668580479113,0.00981970497177199,0.000536438299199501,0.002589718719689622,0,0,0.001920080435174921,0.002593749536260703
CD0,0.01962396724972088,0.005629618226600986,0.03025094102885822,0.01822535211267606,0.004001488163905681,0.00254136614340263,0.003150749063670412,0.004510640892737362,0.003069195168754939,0.0326030247962952,0.0554352237530706,0.0,0.0,0.0,0.0,0.0,0.0,0.0,0.0,0.0,0.0,0.0,0.0,0.0,0.0,0.0,0.0,0.0,0.0,0.0,0.0,0.0,0.0,0.0,0.0,0.0,0.0,0.0,0.0,0.0,0.0,0.0,0.0,0.0,0.0,0.0,0.0,0.0,0.0,0.0,0.0,0.0,0.0,0.0,0.0,0.0,0.0,0.0,0.0,0.0,0.0,0,0,0.0,0.0
CE0,0.07399508745813174,0.004230295566502463,0.1191300710999582,0.02561213434452871,0.01356582529647917,0.04704466937390145,0.01299063670411985,0.05215927800475639,0.07494186702788125,0.02301776188522188,0.2157969820417754,0.0826910644621958,0.2860095806811471,0.01719350885348434,0.01645989436187201,0.02438333206368553,0.007679057116953762,0.03029185360094451,0.01508767747404111,0.01855390843603024,0.006839189890946858,0.0370584588680181,0.01215253934191702,0.03651072676604591,0.007590535972959923,0.003751866190946127,0.01075040022980372,0.005144760635766631,0.003867249984703198,0.003780096141450666,0.0006366246818508125,0.00414852180575953,0.00112888620585572,0.001028214099605449,0.001285355122564425,0.00241350913632662,0.008926952489705526,0.0145790421317969,0.002000072185227293,0.002036081091233003,4.935783576991392e-05,0.000186970818573176,0.0004359300845005208,0.00335913647755753,0.002047798188391297,0.0009431332666085516,0.002247302144997712,0.006818265343623667,0.002725364676251443,0.01046198900310782,0.003307826313475847,0.00135687998852937,0.0003018162393162393,0.003403631253763968,0.004199225134693383,0.0006254317187556805,0.006199795156924428,0.005330033656701644,0.006795969161658472,0.006500675745919535,0.0004575797341244936,0,0,0.001366624558508856,0.001440485553593423
CF0,0.0106597692593971,2.001231527093596e-05,0.01938937682977834,0.0,0.001283973974435882,0.0001660706709497545,7.865168539325843e-05,0.0,0.0,6.85854973914063e-05,0.003999176088250104,0.0,0.0,0.0,0.0,0.0,0.0,0.0,0.0,0.0,0.0,0.0,0.0,0.0,0.0,0.0,0.0,0.0,0.0,0.0,0.0,0.0,0.0,0.0,0.0,0.0,0.0,0.0,0.0,0.0,0.0,0.0,0.0,0.0,0.0,0.0,0.0,0.0,0.0,0.0,0.0,0.0,0.0,0.0,0.0,0.0,0.0,0.0,0.0,0.0,0.0,0,0,0.0,0.0
CG1,0.005240788983997022,0.001197660098522168,0.009769970723546633,0.01031852654387866,0.01547950025379539,0.01935814291775259,0.006295880149812734,0.01814256966888225,0.01512811829777627,0.02142681282607421,0.02095573762988053,0.01118855656697009,0.07297329221077498,0.008793475045429574,0.006415673750153544,0.01419269444656053,0.03084353278936235,0.04989988193624558,0.03206134774316593,0.05514541287134608,0.01183353084512856,0.01938751472320377,0.03106902718168813,0.003421241208475251,0.001042008691453404,0.004123839165970799,0.01824645047834906,0.009228323974493195,0.006340611697245702,0.01348460021499717,0.004149209249711763,0.006025796564714897,0.004179997987725123,0.0009918856547308868,0.009509742300439975,0.0005441535744676958,0.009958476071836397,0.006112351458408355,0.008180751809142258,0.001446033977612982,0.0001245047137587102,0.0004058712331813633,0.001663618474360458,0.0003654591023012075,0.0002259174770880858,0.00168383215488759,0.003678087955239965,0.001569735391400221,0.004922342323433729,0.00570822376284963,0.003084938376125429,0.0004820054485494432,0.001777510683760684,0.00422434367541766,0.001657424783582542,0.0003860928998170119,0.001383788133733265,0.001250445456345278,0.0003618041643902143,0.01500883667740929,0.002248530838135448,0,0,0.0,0.0001142653627554276
CG2,0.003548641607740975,0.0006080665024630542,0.01058134671685487,0.05025568797399783,0.004645378616584376,0.001108552033456573,0.004892322097378277,0.003023355082626989,0.001341009143244158,0.0007019754968052055,0.006089775865488778,0.0,0.0,0.0,0.0,0.0,0.0,0.0,0.0,0.0,0.0,0.0,0.0,0.0,0.0,0.0,0.0,0.0,0.0,0.0,0.0,0.0,0.0,0.0,0.0,0.0,0.0,0.0,0.0,0.0,0.0,0.0,0.0,0.0,0.0,0.0,0.0,0.0,0.0,0.0,0.0,0.0,0.0,0.0,0.0,0.0,0.0,0.0,0.0,0.0,0.0,0,0,0.0,0.0
CH1,0.0,0.002139778325123153,0.0,0.004771397616468039,0.0005069563010474828,0.0006945875507606522,0.001054307116104869,0.001385450332337338,0.001891861383903375,0.004714813295034879,0.005377702506827787,0.0,0.0,0.0,0.0,0.0,0.0,0.0,0.0,0.0,0.0,0.0,0.0,0.0,0.0,0.0,0.0,0.0,0.0,0.0,0.0,0.0,0.0,0.0,0.0,0.0,0.0,0.0,0.0,0.0,0.0,0.0,0.0,0.0,0.0,0.0,0.0,0.0,0.0,0.0,0.0,0.0,0.0,0.0,0.0,0.0,0.0,0.0,0.0,0.0,0.0,0,0,0.0,0.0
CH2,0.00591782657238556,0.002846366995073891,0.009544123797574237,0.02266305525460455,0.008743309030501592,0.01057458027759258,0.01997752808988764,0.01998292578815782,0.005762501410994468,0.0141289055630459,0.01430829557071146,0.0,0.0,0.0,0.0,0.0,0.0,0.0,0.0,0.0,0.0,0.0,0.0,0.0,0.0,0.0,0.0,0.0,0.0,0.0,0.0,0.0,0.0,0.0,0.0,0.0,0.0,0.0,0.0,0.0,0.0,0.0,0.0,0.0,0.0,0.0,0.0,0.0,0.0,0.0,0.0,0.0,0.0,0.0,0.0,0.0,0.0,0.0,0.0,0.0,0.0,0,0,0.0,0.0
CI0,1.042054335690361e-06,7.389162561576354e-05,0.0,0.00219501625135428,0.0003871533385630567,0.0009394508758106552,0.001581460674157303,0.003946582108665162,0.001473078225533356,0.002757781816050179,0.001750507316031187,0.0,0.0,0.0,0.0,0.0,0.0,0.0,0.0,0.0,0.0,0.0,0.0,0.0,0.0,0.0,0.0,0.0,0.0,0.0,0.0,0.0,0.0,0.0,0.0,0.0,0.0,0.0,0.0,0.0,0.0,0.0,0.0,0.0,0.0,0.0,0.0,0.0,0.0,0.0,0.0,0.0,0.0,0.0,0.0,0.0,0.0,0.0,0.0,0.0,0.0,0,0,0.0,0.0
CJ0,0.0005582433941198362,0.0003186576354679803,0.001150146382266834,0.004270855904658722,0.00118020626643902,0.00159403600218195,0.003510299625468165,0.009072504421001281,0.00196297550513602,0.004950466029661762,0.00382432370577196,0.0,0.0,0.0,0.0,0.0,0.0,0.0,0.0,0.0,0.0,0.0,0.0,0.0,0.0,0.0,0.0,0.0,0.0,0.0,0.0,0.0,0.0,0.0,0.0,0.0,0.0,0.0,0.0,0.0,0.0,0.0,0.0,0.0,0.0,0.0,0.0,0.0,0.0,0.0,0.0,0.0,0.0,0.0,0.0,0.0,0.0,0.0,0.0,0.0,0.0,0,0,0.0,0.0
CK0,0.001636620766654261,0.01086668719211823,0.03828523630280218,0.0755406283856988,0.004866526694661068,0.007393781441299472,0.01035393258426966,0.009266418684066103,0.003278022350152387,0.00689020458409051,0.005765856486779268,0.0,0.0,0.0,0.0,0.0,0.0,0.0,0.0,0.0,0.0,0.0,0.0,0.0,0.0,0.0,0.0,0.0,0.0,0.0,0.0,0.0,0.0,0.0,0.0,0.0,0.0,0.0,0.0,0.0,0.0,0.0,0.0,0.0,0.0,0.0,0.0,0.0,0.0,0.0,0.0,0.0,0.0,0.0,0.0,0.0,0.0,0.0,0.0,0.0,0.0,0,0,0.0,0.0
CL1,0.002756531447711202,0.001054495073891626,0.0,0.00114626218851571,0.001489086798025011,0.0006133705073034729,0.001028089887640449,0.0008043173364229526,0.0003239643300598262,0.001157746644000235,0.0007502174211562228,0.0,0.0,0.0,0.0,0.0,0.0,0.0,0.0,0.0,0.0,0.0,0.0,0.0,0.0,0.0,0.0,0.0,0.0,0.0,0.0,0.0,0.0,0.0,0.0,0.0,0.0,0.0,0.0,0.0,0.0,0.0,0.0,0.0,0.0,0.0,0.0,0.0,0.0,0.0,0.0,0.0,0.0,0.0,0.0,0.0,0.0,0.0,0.0,0.0,0.0,0,0,0.0,0.0
CL2,1.339784145887607e-06,0.0003833128078817734,0.0,4.333694474539545e-06,5.554658299109409e-05,1.697072549851506e-05,1.591760299625468e-05,1.158607232148302e-05,0.0,0.0,2.532765749683404e-05,0.0,0.0,0.0,0.0,0.0,0.0,0.0,0.0,0.0,0.0,0.0,0.0,0.0,0.0,0.0,0.0,0.0,0.0,0.0,0.0,0.0,0.0,0.0,0.0,0.0,0.0,0.0,0.0,0.0,0.0,0.0,0.0,0.0,0.0,0.0,0.0,0.0,0.0,0.0,0.0,0.0,0.0,0.0,0.0,0.0,0.0,0.0,0.0,0.0,0.0,0,0,0.0,0.0
CM1,1.339784145887607e-06,6.619458128078818e-05,0.002216645754914262,0.0,0.001099856951686586,0.0009394508758106552,0.01425842696629213,0.00260015854625282,0.001093802912292584,0.0004197197960021103,0.001217711051097786,0.0,0.0,0.0,0.0,0.0,0.0,0.0,0.0,0.0,0.0,0.0,0.0,0.0,0.0,0.0,0.0,0.0,0.0,0.0,0.0,0.0,0.0,0.0,0.0,0.0,0.0,0.0,0.0,0.0,0.0,0.0,0.0,0.0,0.0,0.0,0.0,0.0,0.0,0.0,0.0,0.0,0.0,0.0,0.0,0.0,0.0,0.0,0.0,0.0,0.0,0,0,0.0,0.0
CM2,0.03892698176404913,0.00239070197044335,0.0,0.02485373781148429,0.003634292372294772,0.0007358021698284744,0.0007911985018726591,0.001514116714433807,0.0005779433344621289,0.001945014361920394,0.002972185349628477,0.0,0.0,0.0,0.0,0.0,0.0,0.0,0.0,0.0,0.0,0.0,0.0,0.0,0.0,0.0,0.0,0.0,0.0,0.0,0.0,0.0,0.0,0.0,0.0,0.0,0.0,0.0,0.0,0.0,0.0,0.0,0.0,0.0,0.0,0.0,0.0,0.0,0.0,0.0,0.0,0.0,0.0,0.0,0.0,0.0,0.0,0.0,0.0,0.0,0.0,0,0,0.0,0.0
DZ0,0.01470695943431336,0.002897167487684729,0.01407779171894605,0.02118093174431203,0.01464497485118361,0.00874295411843142,0.0165,0.06256418074272821,0.011581442600745,0.01610469546866757,0.0372543903815932,0.0,0.0,0.0,0.0,0.0,0.0,0.0,0.0,0.0,0.0,0.0,0.0,0.0,0.0,0.0,0.0,0.0,0.0,0.0,0.0,0.0,0.0,0.0,0.0,0.0,0.0,0.0,0.0,0.0,0.0,0.0,0.0,0.0,0.0,0.0,0.0,0.0,0.0,0.0,0.0,0.0,0.0,0.0,0.0,0.0,0.0,0.0,0.0,0.0,0.0,0,0,0.0,0.0
EZ1,0.00545083736509118,0.0002124384236453202,0.00944792973651192,2.166847237269773e-06,0.0024452032670389,0.0009091460088490211,0.001090823970037453,0.001702542837977926,0.000891748504345863,0.001515329151767396,0.001377610961077799,0.0002474456622701096,0.0006243848021523723,0.0007530744199805604,0.002016337059329321,0.001092404966862192,0.0008389996977938955,0.0005889020070838253,0.0007830048739139648,0.0002649282609989879,0.0003793558008548488,0.0005070981340276486,0.0005702789699570816,0.0008583182200203476,0.0818512795750845,0.001351501809256307,0.0005533505452583715,0.0007084800609117731,0.0008416737323321942,0.00121109035953962,0.0001031129674345755,0.0002822297426728817,0.0003773015393902807,0.0006571875232636046,0.001140006285355123,0.00115263201237087,0.000576490536004706,0.008476053294922578,0.001178243372493819,0.0002029427231457732,0.0002980256865692034,0.0001671141046210545,0.002626229887718486,0.0,0.0001652859486933205,0.0003090864085924299,0.0002770929597425412,0.001686879823594267,8.605310105992234e-05,0.0007632082237628496,0.0004778495954152489,0.000223677292931224,0.002410523504273504,0.000631342983962706,0.003749318966039107,0.00302778753983931,0.003300168263954934,0.005783409225895863,0.004077581496995083,0.0004740617527809543,0.0001032692417413134,0,0,0.002642656423212766,0.004444329024886106
EZ2,0.0008515072571641236,0.0005649630541871921,0.0004182350480970305,0.005263271939328277,0.004686274283604817,0.009722407418631432,0.01205992509363296,0.0341648881029331,0.004687888023478948,0.01204408230259687,0.008089440197738822,0.0,0.0,0.0,0.0,0.0,0.0,0.0,0.0,0.0,0.0,0.0,0.0,0.0,0.0,0.0,0.0,0.0,0.0,0.0,0.0,0.0,0.0,0.0,0.0,0.0,0.0,0.0,0.0,0.0,0.0,0.0,0.0,0.0,0.0,0.0,0.0,0.0,0.0,0.0,0.0,0.0,0.0,0.0,0.0,0.0,0.0,0.0,0.0,0.0,0.0,0,0,0.0,0.0
FZ0,0.004587718645329364,0.003948583743842365,0.005227938101212882,0.00903791982665222,0.001004222232476582,0.001696466452512273,0.001840823970037453,0.0024812488566376,0.0007754825601083644,0.006627000410340583,0.001232358371095955,0.0007780048300204348,0.001621497473587506,0.002198791362042006,0.002874953936862793,0.002911937228612783,0.002520021154427319,0.002707438016528926,0.009998145793600338,0.002034738346133238,0.003114472510352725,0.001820097948050338,0.002924177396280401,0.01093563940372451,0.01866055045871559,0.009801867456160329,0.1654183233436441,0.002453412011040258,0.000797706353854357,0.001155956050231351,0.001088777219430486,0.008479662856777984,0.002673810242479123,0.003051142708255788,0.002227372721558768,0.0007147105381145404,0.001689331810789301,0.01493158084263594,0.008025373107393572,0.00155120789018985,0.002667628774422735,0.005003574208511382,0.01768167611992129,0.01811073137388927,0.009339456517389043,0.001905369192522519,0.001275336216950353,0.01695654171260566,0.001300241368454192,0.006201888596700932,0.002473746764136045,0.001551163791043349,0.002789797008547009,0.007446746815961457,0.001951449845632302,0.007422775360825991,0.0183327236813227,0.02104731736289843,0.004503126327930553,0.001516789687077659,0.001073771894790894,0,0,0.01889968805589214,0.00899201626426462
GZ1,0.003530628954224041,0.000935960591133005,0.008017565872020077,0.003122426868905742,0.001559399658529833,0.0008103521425540941,0.001184456928838951,0.001279346301603756,0.001210068856530082,0.0006319244973327861,0.000677896278665263,0.0,0.0,0.0,0.0,0.0,0.0,0.0,0.0,0.0,0.0,0.0,0.0,0.0,0.0,0.0,0.0,0.0,0.0,0.0,0.0,0.0,0.0,0.0,0.0,0.0,0.0,0.0,0.0,0.0,0.0,0.0,0.0,0.0,0.0,0.0,0.0,0.0,0.0,0.0,0.0,0.0,0.0,0.0,0.0,0.0,0.0,0.0,0.0,0.0,0.0,0,0,0.0,0.0
GZ2,0.04247353926311872,0.101564039408867,0.0687745713090757,0.07754929577464788,0.06762095657791518,0.08570701254621492,0.1028501872659176,0.04737544972254405,0.04390224630319449,0.0266064833812064,0.04920248394134969,0.0,0.0,0.0,0.0,0.0,0.0,0.0,0.0,0.0,0.0,0.0,0.0,0.0,0.0,0.0,0.0,0.0,0.0,0.0,0.0,0.0,0.0,0.0,0.0,0.0,0.0,0.0,0.0,0.0,0.0,0.0,0.0,0.0,0.0,0.0,0.0,0.0,0.0,0.0,0.0,0.0,0.0,0.0,0.0,0.0,0.0,0.0,0.0,0.0,0.0,0,0,0.0,0.0
GZ3,0.003545068850018608,0.008492918719211822,0.005734002509410289,0.004879739978331528,0.005086578838078538,0.006684041457058003,0.00772378277153558,0.003532532471492164,0.002921322948414042,0.001419778416085351,0.003590271738301216,0.0,0.0,0.0,0.0,0.0,0.0,0.0,0.0,0.0,0.0,0.0,0.0,0.0,0.0,0.0,0.0,0.0,0.0,0.0,0.0,0.0,0.0,0.0,0.0,0.0,0.0,0.0,0.0,0.0,0.0,0.0,0.0,0.0,0.0,0.0,0.0,0.0,0.0,0.0,0.0,0.0,0.0,0.0,0.0,0.0,0.0,0.0,0.0,0.0,0.0,0,0,0.0,0.0
HZ1,0.009981838481577968,0.01408866995073892,0.01372229192806357,0.0125590465872156,0.01476310507129343,0.01332262561367356,0.01303558052434457,0.01634124031953168,0.01134891071227001,0.00786095316255349,0.01632153918920981,0.009698309492847853,0.01221864951768489,0.0171275831466847,0.00812584449084879,0.006928848937304792,0.007440314294348746,0.007576387249114522,0.008275852934943845,0.009773322617134012,0.003976511631003581,0.00965594197507904,0.005728540772532188,0.008311850311850312,0.006974408498309995,0.01021938814241251,0.006163328790973198,0.02179670695726658,0.07028403975420225,0.03685169243685124,0.1367197459157258,0.00676776706468297,0.00784435053828353,0.01343035807340132,0.004686517913262099,0.01125502109086916,0.00805148967092287,0.03366654663305726,0.007611390828866872,0.002942401184816321,0.001597895887416314,0.001891629997934902,0.003765019099432805,0.0001855775803144224,0.001454889876068889,0.003207417212841292,0.003904250136553537,0.009645350973906652,0.007910588729142617,0.007645230695672962,0.003597629475260904,0.002010227978779334,0.01024172008547009,0.003995271340307363,0.005133240510926812,0.005848713629588337,0.008024361694344869,0.01001900613739854,0.02587688945547259,0.005918494646013099,0.003430706909339876,0,0,0.01425749568176545,0.01374879427782807
HZ2,2.456270934127279e-05,3.54064039408867e-05,2.927645336679214e-05,2.38353196099675e-05,3.345484749204006e-05,2.848657494393599e-05,3.089887640449438e-05,3.475821696444905e-05,2.144711592730557e-05,9.965414150888096e-06,3.295646999588045e-05,1.634776147129853e-05,2.690465253625566e-05,3.676625956134049e-05,1.811816730131433e-05,1.237906604707854e-05,1.171048655182835e-05,1.605667060212515e-05,1.509853782581055e-05,2.262308745609335e-05,8.92131929002277e-06,1.611803359990081e-05,1.108726752503577e-05,1.875525279780599e-05,5.794302269435055e-06,7.085199524279461e-06,1.282136614108407e-05,7.613971637955649e-06,3.758642692936374e-06,4.86087509601893e-06,4.568296025582457e-06,0.03623204137666815,1.10675118221149e-05,8.114345269113378e-05,3.142677561282213e-06,2.552864423683994e-05,1.176511297968788e-05,1.260352898811667e-05,4.150650569360981e-06,1.717125103295807e-06,2.049460308785353e-06,1.588537116169719e-06,4.167148975575876e-06,5.126452494873547e-07,1.000520270540681e-06,2.260032931908436e-06,2.509632560268088e-06,4.593899301727306e-06,3.672998215972295e-06,6.574229022232847e-06,3.093404535907914e-06,1.194857334034316e-06,2.670940170940171e-06,3.903374746280641e-06,5.508808039227556e-06,3.514342151504502e-06,6.950032921208574e-06,1.267075826568996e-05,7.2846476051721e-06,1.039609106975777e-05,1.711644890740001e-06,0,0,8.095078501637062e-06,6.232656150296051e-06
HZ3,0.0001451432824711574,0.000126231527093596,8.782936010037641e-05,0.0008472372697724811,0.0009113561903004014,0.001099460573368083,0.000546816479400749,0.0006585767424842979,0.000614064792866012,0.000898645876077144,0.001260432401092446,0.0,0.0,0.0,0.0,0.0,0.0,0.0,0.0,0.0,0.0,0.0,0.0,0.0,0.0,0.0,0.0,0.0,0.0,0.0,0.0,0.0,0.0,0.0,0.0,0.0,0.0,0.0,0.0,0.0,0.0,0.0,0.0,0.0,0.0,0.0,0.0,0.0,0.0,0.0,0.0,0.0,0.0,0.0,0.0,0.0,0.0,0.0,0.0,0.0,0.0,0,0,0.0,0.0
HZ4,0.00114164495720134,0.001794950738916256,0.003684650773734839,0.02591332611050921,0.01603052466429791,0.01253591126734954,0.0202312734082397,0.02865296664430758,0.02432102946156451,0.02070285479805381,0.01341755542332281,0.01098309492847854,0.01009219765076448,0.03100536702869458,0.02377226384964992,0.01179210786927706,0.01076193714113025,0.0105728453364817,0.0121267747404111,0.01131585997499553,0.008164338690563374,0.00997954249581551,0.007539341917024321,0.0037256601937453,0.0110748430709802,0.006585186872137453,0.00892678859809221,0.01656933472922813,0.03596278069631041,0.01566054098743151,0.09429082642650481,0.2693391226613882,0.04695693731763759,0.1815988982356882,0.002453645505971087,0.01226527829882239,0.02231461296238624,0.01129672308246309,0.004956057242885244,0.0079451378529497,0.0007095402377373959,0.00170656542390113,0.0007739321680750086,2.272727272727273e-05,0.005267539120342579,0.009093888225228424,0.009843517028595048,0.005028941565600882,0.006792947843425334,0.01847836480994501,0.01103287149346315,0.003992735267409071,0.04626068376068376,0.01279470479334419,0.001710030873539561,0.0007066251408766466,0.01173092398858731,0.01083706196792714,0.0007812784556547077,0.01036386318744152,0.003766759856221829,0,0,0.002314212792286473,0.001956163651742918
HZ5,0.000145292147376256,0.0008574507389162563,0.0,0.0003705308775731311,0.0003958054542937566,0.000546699799987878,0.0002378277153558052,0.0005658881639124336,0.001496782932610904,0.0001887566680344686,0.001740742436032407,0.0005688277911945012,0.0002378765010827482,0.0005143050331741537,0.0002917332023092986,0.0002986211624895254,0.000490329404653974,0.0004236127508854782,0.0004916295825386734,0.0003322021789605287,0.0003057216282073474,0.0005653710247349822,0.0003025751072961374,0.0006083071614986509,0.001674553355866731,0.002771325185353881,0.0003977075677588182,0.002453792709622156,0.0035591286941776,0.003618155754690145,0.0004857621440536013,0.002777600408658451,0.002283931985109166,0.0007765949527283555,0.0693958202388435,0.001081902112746937,0.003151320114882868,0.005063377745768816,0.01272138306895494,0.004413226156108136,0.004798298947943708,0.001099426538101063,0.006001852066211367,0.0,0.0006197222555728979,0.004573015206793014,0.003184133217201317,0.002292815141492099,0.002934725574561864,0.004499760937126464,0.003567997916022208,0.001054820054485494,0.003733974358974359,0.003394597729351148,0.0008415158302560687,0.001156703304693464,0.003536835174482405,0.003895070283112255,0.00591634796333394,0.0003565859236926916,0.002998801848576482,0,0,0.008845394312820646,0.001699734370130738
IZ0,0.0004836620766654262,0.0003479064039408867,0.0,0.01156013001083424,0.002633992432282774,0.002345596702830475,0.003818352059925094,0.002606866272333679,0.002696692628964895,0.002880297790022862,0.003511084664561114,0.0,0.0,0.0,0.0,0.0,0.0,0.0,0.0,0.0,0.0,0.0,0.0,0.0,0.0,0.0,0.0,0.0,0.0,0.0,0.0,0.0,0.0,0.0,0.0,0.0,0.0,0.0,0.0,0.0,0.0,0.0,0.0,0.0,0.0,0.0,0.0,0.0,0.0,0.0,0.0,0.0,0.0,0.0,0.0,0.0,0.0,0.0,0.0,0.0,0.0,0,0,0.0,0.0
JA1,0.002012058057312988,0.000229371921182266,0.000288582183186951,4.333694474539545e-06,0.0001277629089566702,1.818292017698042e-05,2.247191011235955e-05,3.048966400390268e-06,2.257591150242691e-06,4.279266076557829e-05,2.639569124670054e-05,0.0,0.0,0.0,0.0,0.0,0.0,0.0,0.0,0.0,0.0,0.0,0.0,0.0,0.0,0.0,0.0,0.0,0.0,0.0,0.0,0.0,0.0,0.0,0.0,0.0,0.0,0.0,0.0,0.0,0.0,0.0,0.0,0.0,0.0,0.0,0.0,0.0,0.0,0.0,0.0,0.0,0.0,0.0,0.0,0.0,0.0,0.0,0.0,0.0,0.0,0,0,0.0,0.0
JA2,4.46594715295869e-07,0.0001677955665024631,0.002124634044332915,0.0,0.00114934705366619,0.0009830898842354081,0.001076779026217228,0.0009232270260381731,0.001172818602551078,0.0006577173339586143,0.001246853114844143,0.0,0.0,0.0,0.0,0.0,0.0,0.0,0.0,0.0,0.0,0.0,0.0,0.0,0.0,0.0,0.0,0.0,0.0,0.0,0.0,0.0,0.0,0.0,0.0,0.0,0.0,0.0,0.0,0.0,0.0,0.0,0.0,0.0,0.0,0.0,0.0,0.0,0.0,0.0,0.0,0.0,0.0,0.0,0.0,0.0,0.0,0.0,0.0,0.0,0.0,0,0,0.0,0.0
JB0,0.0004254558987718645,0.0009744458128078818,0.0003680468423253869,0.001551462621885157,0.00134315444603387,0.002311655251833444,0.0009541198501872659,0.001604366119885359,0.003875155209391579,0.001841843015417082,0.001881875467264766,0.0,0.0,0.0,0.0,0.0,0.0,0.0,0.0,0.0,0.0,0.0,0.0,0.0,0.0,0.0,0.0,0.0,0.0,0.0,0.0,0.0,0.0,0.0,0.0,0.0,0.0,0.0,0.0,0.0,0.0,0.0,0.0,0.0,0.0,0.0,0.0,0.0,0.0,0.0,0.0,0.0,0.0,0.0,0.0,0.0,0.0,0.0,0.0,0.0,0.0,0,0,0.0,0.0
JC0,2.084108671380722e-06,0.0002986453201970443,0.0,0.0002556879739978331,0.003374498177287619,0.003832959573307473,0.003628277153558053,0.004000853710592109,0.006404786093238515,0.005492701799636556,0.003919989014510001,0.0,0.0,0.0,0.0,0.0,0.0,0.0,0.0,0.0,0.0,0.0,0.0,0.0,0.0,0.0,0.0,0.0,0.0,0.0,0.0,0.0,0.0,0.0,0.0,0.0,0.0,0.0,0.0,0.0,0.0,0.0,0.0,0.0,0.0,0.0,0.0,0.0,0.0,0.0,0.0,0.0,0.0,0.0,0.0,0.0,0.0,0.0,0.0,0.0,0.0,0,0,0.0,0.0
KZ1,0.01259828805359136,0.005660406403940887,0.0397323295692179,0.01664355362946912,0.01067509575008075,0.01271349778774471,0.008352996254681647,0.01393499603634368,0.01281070098205215,0.005240342341286125,0.007267817091591523,0.006478915103102359,0.005313012664873024,0.007362549127329586,0.00783441837612087,0.006096975698941113,0.007253702024780901,0.005961275088547816,0.006483365119728756,0.005198249687444186,0.004364256135071437,0.00813960696794991,0.003467095851216023,0.004677754677754678,0.06167938194109127,0.008536400212555986,0.01260203670553946,0.0119914342819073,0.03157036965813834,0.02659990709735707,0.01408024973351607,0.008960475065449206,0.008598953617064092,0.04251604258170178,0.008903205531112507,0.0106663982651502,0.01073393543029171,0.01354087144400432,0.01177882446357353,0.003996394037283079,0.1779630072414264,0.09578163968801132,0.06966361847436045,0.03282638414217361,0.07704966582622964,0.03750476221224938,0.00871875876526078,0.009142625260320959,0.02666176933571204,0.01554028209419077,0.01856156689080282,0.002657362710892319,0.01591613247863248,0.01142328195748667,0.009590108360070222,0.001351567517783783,0.009563611090789377,0.01050564244704019,0.05362532629150731,0.00512319367917663,0.01351343641239231,0,0,0.01725514965583026,0.005720910561384243
KZ2,0.009992556754745068,0.007333743842364533,0.007164366373902132,0.003640303358613218,0.004784966083706335,0.002648039275107582,0.002050561797752809,0.002692237331544606,0.002481092674116718,0.001894894190749751,0.002745304465906837,0.0,0.0,0.0,0.0,0.0,0.0,0.0,0.0,0.0,0.0,0.0,0.0,0.0,0.0,0.0,0.0,0.0,0.0,0.0,0.0,0.0,0.0,0.0,0.0,0.0,0.0,0.0,0.0,0.0,0.0,0.0,0.0,0.0,0.0,0.0,0.0,0.0,0.0,0.0,0.0,0.0,0.0,0.0,0.0,0.0,0.0,0.0,0.0,0.0,0.0,0,0,0.0,0.0
KZ3,0.0001368068477856345,0.00248768472906404,0.0,0.002641386782231853,0.001515446910617877,0.001964967573792351,0.001932584269662921,0.002536130251844625,0.002253075967942206,0.003704496160384548,0.003950199112006224,0.001268437674159391,0.000617166480740206,0.003043570130583611,0.0009544282029234737,0.001283233031157157,0.002589528558476881,0.002364108618654073,0.004732994278448824,0.0005956420789426683,0.001826606836127348,0.002241646519124667,0.001116773962804006,0.001214314150484363,0.004691453404152583,0.0006776487259292998,0.002409926399753382,0.0009808698962596365,0.001346205956137514,0.001974247749614593,0.005962061389197067,0.01345060979503225,0.005106147499748466,0.002259807935680786,0.008599151477058455,0.001999560797518506,0.002412194193570711,0.0009006121714079943,0.01392074062043203,0.001913521286985265,0.09328579724006011,0.3410640021604105,0.05970228035652275,0.0,0.0006147196542201945,0.004808596734790517,0.003789102289670648,0.002592337375964719,0.001945114912372757,0.004790222328472388,0.004771495091255433,0.001030205993404388,0.006997863247863247,0.005020520598666161,0.0002852472909982444,0.0003497376361807584,0.00192186699831736,0.00181548208275589,0.0,0.002889073708285685,0.002614822844753808,0,0,3.815514707777978e-06,0.0005009868372237968
LI0,0.0,0.0,0.0,0.0,0.0,0.0,0.0,0.0,0.0,0.0,0.0,0.0,0.0,0.0,0.0,0.0,0.0,0.0,0.0,0.0,0.0,0.0,0.0,0.0,0.0,0.0,0.0,0.0,0.0,0.0,0.0,0.0,0.0,0.0,0.0,0.0,0.0,0.0,0.0,0.0,0.0,0.0,0.0,0.0,0.0,0.0,0.0,0.0,0.0,0.0,0.0,0.0,0.0,0.0,0.0,0.0,0.0,0.0,0.0,0.0,0.0,0,0,0.0,0.0
LZ0,0.0002292519538518794,0.0004094827586206897,0.0005060644081974069,0.01428385698808234,0.004008640579576393,0.003425662161343112,0.007797752808988764,0.008236477834014268,0.009799074387628401,0.003313793305586494,0.005058055263117743,0.0,0.0,0.0,0.0,0.0,0.0,0.0,0.0,0.0,0.0,0.0,0.0,0.0,0.0,0.0,0.0,0.0,0.0,0.0,0.0,0.0,0.0,0.0,0.0,0.0,0.0,0.0,0.0,0.0,0.0,0.0,0.0,0.0,0.0,0.0,0.0,0.0,0.0,0.0,0.0,0.0,0.0,0.0,0.0,0.0,0.0,0.0,0.0,0.0,0.0,0,0,0.0,0.0
MA1,0.009863490882024564,0.004401169950738916,0.03877875365955667,0.03053954496208017,0.02895620875824835,0.01620643675374265,0.02781367041198502,0.03996768095615586,0.0435850547465854,0.02128055571838912,0.0169968416716254,0.0,0.0,0.0,0.0,0.0,0.0,0.0,0.0,0.0,0.0,0.0,0.0,0.0,0.0,0.0,0.0,0.0,0.0,0.0,0.0,0.0,0.0,0.0,0.0,0.0,0.0,0.0,0.0,0.0,0.0,0.0,0.0,0.0,0.0,0.0,0.0,0.0,0.0,0.0,0.0,0.0,0.0,0.0,0.0,0.0,0.0,0.0,0.0,0.0,0.0,0,0,0.0,0.0
MA2,0.005039523632303684,0.00302493842364532,0.0,0.006494041170097508,0.004369779890175811,0.00471180071519486,0.00751123595505618,0.005123483139215805,0.004096399142115363,0.003937217890849405,0.004254741306968158,0.0,0.0,0.0,0.0,0.0,0.0,0.0,0.0,0.0,0.0,0.0,0.0,0.0,0.0,0.0,0.0,0.0,0.0,0.0,0.0,0.0,0.0,0.0,0.0,0.0,0.0,0.0,0.0,0.0,0.0,0.0,0.0,0.0,0.0,0.0,0.0,0.0,0.0,0.0,0.0,0.0,0.0,0.0,0.0,0.0,0.0,0.0,0.0,0.0,0.0,0,0,0.0,0.0
MB0,0.0,0.0,0.0,0.0,0.0,0.0,0.0,0.0,0.0,0.0,0.0,0.0,0.0,0.0,0.0,0.0,0.0,0.0,0.0,0.0,0.0,0.0,0.0,0.0,0.0,0.0,0.0,0.0,0.0,0.0,0.0,0.0,0.0,0.0,0.0,0.0,0.0,0.0,0.0,0.0,0.0,0.0,0.0,0.0,0.0,0.0,0.0,0.0,0.0,0.0,0.0,0.0,0.0,0.0,0.0,0.0,0.0,0.0,0.0,0.0,0.0,0,0,0.0,0.0
MC1,1.637513956084853e-06,7.850985221674877e-05,0.0,0.002715059588299025,0.01659227769830649,0.01266379780592763,0.001363295880149813,0.002478199890237209,0.02477706287391353,0.002643472653731168,0.0184112235089486,0.0,0.0,0.0,0.0,0.0,0.0,0.0,0.0,0.0,0.0,0.0,0.0,0.0,0.0,0.0,0.0,0.0,0.0,0.0,0.0,0.0,0.0,0.0,0.0,0.0,0.0,0.0,0.0,0.0,0.0,0.0,0.0,0.0,0.0,0.0,0.0,0.0,0.0,0.0,0.0,0.0,0.0,0.0,0.0,0.0,0.0,0.0,0.0,0.0,0.0,0,0,0.0,0.0
MC2,0.00520863416449572,0.0008620689655172414,0.002672521957340025,0.001386782231852655,0.002278736560380232,0.0007485302139523607,0.0008305243445692883,0.00170437221781816,0.001466305452082628,0.00110410926783516,0.000898063807387742,0.0,0.0,0.0,0.0,0.0,0.0,0.0,0.0,0.0,0.0,0.0,0.0,0.0,0.0,0.0,0.0,0.0,0.0,0.0,0.0,0.0,0.0,0.0,0.0,0.0,0.0,0.0,0.0,0.0,0.0,0.0,0.0,0.0,0.0,0.0,0.0,0.0,0.0,0.0,0.0,0.0,0.0,0.0,0.0,0.0,0.0,0.0,0.0,0.0,0.0,0,0,0.0,0.0
NZ1,0.005416896166728693,0.002053571428571428,0.01508573818485989,0.009399783315276274,0.009731092243089844,0.004171161888599308,0.003350187265917603,0.00974937496188792,0.008759453662941641,0.00821853567032065,0.004990311408126211,0.006775032509752926,0.008398188857536584,0.01648903351223429,0.01084971133767351,0.009410756456159061,0.003871637957086733,0.004989846517119244,0.008055732146641237,0.003549443352979699,0.006146123220729417,0.005794433079164342,0.004192775393419171,0.007758835758835759,0.01705649444712699,0.01327057870897543,0.01158582083016594,0.01301189683068431,0.02228350655140163,0.01219407117066919,0.01502664839348256,0.03548177000191558,0.01239812858436462,0.0168321298295243,0.00676147077309868,0.003944953288986083,0.01035053116024776,0.01890313287720562,0.02492555898435385,0.01428014896060271,0.01758530878535319,0.02721894807072167,0.02823035073503878,0.0,0.005229519350062032,0.02478992455794832,0.01481657538493335,0.03665319122871493,0.05243100010494281,0.02112299784843414,0.05731704140277755,0.002587105099651102,0.02359508547008547,0.04126491646778043,0.00730879593195714,0.008291302609096088,0.0139542029409613,0.01899188279548604,0.005238268682085837,0.01344526458051773,0.08172191476008443,0,0,0.01410657660676996,0.009997699853087391
NZ2,4.763676963155936e-06,0.001608682266009852,0.002091175240485153,0.02123726977248104,0.01606409487333302,0.02801806170070913,0.02184176029962547,0.02189157875480212,0.02201151371486624,0.0007913711237469957,0.009817823957522773,0.0,0.0,0.0,0.0,0.0,0.0,0.0,0.0,0.0,0.0,0.0,0.0,0.0,0.0,0.0,0.0,0.0,0.0,0.0,0.0,0.0,0.0,0.0,0.0,0.0,0.0,0.0,0.0,0.0,0.0,0.0,0.0,0.0,0.0,0.0,0.0,0.0,0.0,0.0,0.0,0.0,0.0,0.0,0.0,0.0,0.0,0.0,0.0,0.0,0.0,0,0,0.0,0.0
NZ3,0.0,1.539408866995074e-06,0.0,0.0004528710725893824,0.0004224539707443127,0.0004806351900115158,0.0003539325842696629,0.0008750533569120068,0.0002133423636979343,0.0009560935576528518,0.0006901023786637371,0.0,0.0,0.0,0.0,0.0,0.0,0.0,0.0,0.0,0.0,0.0,0.0,0.0,0.0,0.0,0.0,0.0,0.0,0.0,0.0,0.0,0.0,0.0,0.0,0.0,0.0,0.0,0.0,0.0,0.0,0.0,0.0,0.0,0.0,0.0,0.0,0.0,0.0,0.0,0.0,0.0,0.0,0.0,0.0,0.0,0.0,0.0,0.0,0.0,0.0,0,0,0.0,0.0
NZ4,0.00219888351321176,0.003888546798029557,0.001053952321204517,0.01036836403033586,0.008822043283650962,0.006504030547305898,0.01041198501872659,0.01664186840661016,0.01433231741731572,0.009091974910604372,0.008781983796402253,0.0,0.0,0.0,0.0,0.0,0.0,0.0,0.0,0.0,0.0,0.0,0.0,0.0,0.0,0.0,0.0,0.0,0.0,0.0,0.0,0.0,0.0,0.0,0.0,0.0,0.0,0.0,0.0,0.0,0.0,0.0,0.0,0.0,0.0,0.0,0.0,0.0,0.0,0.0,0.0,0.0,0.0,0.0,0.0,0.0,0.0,0.0,0.0,0.0,0.0,0,0,0.0,0.0
QA0,7.44324525493115e-07,3.848522167487685e-05,0.0,0.000238353196099675,0.000605705781920539,0.0006212497727134978,0.0001151685393258427,0.0004768583450210379,0.0005598826052601874,0.0008552670144791605,0.0004043270624494591,0.0,0.0,0.0,0.0,0.0,0.0,0.0,0.0,0.0,0.0,0.0,0.0,0.0,0.0,0.0,0.0,0.0,0.0,0.0,0.0,0.0,0.0,0.0,0.0,0.0,0.0,0.0,0.0,0.0,0.0,0.0,0.0,0.0,0.0,0.0,0.0,0.0,0.0,0.0,0.0,0.0,0.0,0.0,0.0,0.0,0.0,0.0,0.0,0.0,0.0,0,0,0.0,0.0
QB0,0.0,0.0,0.0,0.0,0.0,0.0,0.0,0.0,0.0,0.0,0.0,0.0,0.0,0.0,0.0,0.0,0.0,0.0,0.0,0.0,0.0,0.0,0.0,0.0,0.0,0.0,0.0,0.0,0.0,0.0,0.0,0.0,0.0,0.0,0.0,0.0,0.0,0.0,0.0,0.0,0.0,0.0,0.0,0.0,0.0,0.0,0.0,0.0,0.0,0.0,0.0,0.0,0.0,0.0,0.0,0.0,0.0,0.0,0.0,0.0,0.0,0,0,0.0,0.0
RZ1,7.44324525493115e-07,2.770935960591133e-05,0.0,0.0,0.0,3.030486696163404e-06,4.681647940074907e-06,0.0,0.0002426910486510893,8.79301248607773e-05,1.068033749866496e-06,0.0,0.0,0.0,0.0,0.0,0.0,0.0,0.0,0.0,0.0,0.0,0.0,0.0,0.0,0.0,0.0,0.0,0.0,0.0,0.0,0.0,0.0,0.0,0.0,0.0,0.0,0.0,0.0,0.0,0.0,0.0,0.0,0.0,0.0,0.0,0.0,0.0,0.0,0.0,0.0,0.0,0.0,0.0,0.0,0.0,0.0,0.0,0.0,0.0,0.0,0,0,0.0,0.0
RZ2,8.931894305917379e-07,2.924876847290641e-05,0.0,0.0,0.0004750588343869687,0.0004218437481059458,0.0006142322097378277,0.0005774742362339168,0.0004898972796026639,0.0005794595228325224,0.0005832990036770876,0.0,0.0,0.0,0.0,0.0,0.0,0.0,0.0,0.0,0.0,0.0,0.0,0.0,0.0,0.0,0.0,0.0,0.0,0.0,0.0,0.0,0.0,0.0,0.0,0.0,0.0,0.0,0.0,0.0,0.0,0.0,0.0,0.0,0.0,0.0,0.0,0.0,0.0,0.0,0.0,0.0,0.0,0.0,0.0,0.0,0.0,0.0,0.0,0.0,0.0,0,0,0.0,0.0
SZ1,0.0,0.0,0.0,0.0,0.0004375663328872687,0.001403115340323656,0.0004653558052434457,0.0005799134093542289,0.001123151597245739,0.003174277507474061,0.001886910483514136,0.0009652610068734906,0.0005761532908983529,0.002129062249080844,0.0008899398108340499,0.0004595490211015464,0.0001707464490782714,0.000997874852420307,0.0007883026064844247,0.0002007799011728285,0.0006322152834183299,0.0006732378649804724,0.0002943490701001431,0.0001778210288848587,0.003817479478512796,0.001472962372529669,0.0003819786240502206,0.003973160749976206,0.002456578935867067,0.0002951150469254233,0.0004937022776218756,0.002580295000319264,5.533755911057451e-05,0.003540385617509119,0.0008555939660590824,0.0008487587954871946,0.001666839683034015,0.0009182571119913576,0.002401963438182376,0.0006823425879221713,0.001135742587785216,0.00141379803339105,0.0009251070725778447,0.0,0.0003747281919931698,0.0009870424778570584,0.0002338387044390971,0.001157815754012005,0.008477279882464057,0.001627420511594549,0.0009814232917080478,0.003673708359221909,0.005566239316239317,0.001782503959137243,0.0,0.0,0.000420294096129929,0.0005238566620471194,0.0,0.000116436219981287,0.0,0,0,0.0,0.0
SZ2,1.48864905098623e-07,0.003788485221674877,0.02393140945211209,0.0,0.001831883623275345,0.0003582035274865143,0.0006573033707865169,0.0005323495335081408,0.0003770177220905294,0.0002113254000820681,0.0001949924474756259,0.0,0.0,0.0,0.0,0.0,0.0,0.0,0.0,0.0,0.0,0.0,0.0,0.0,0.0,0.0,0.0,0.0,0.0,0.0,0.0,0.0,0.0,0.0,0.0,0.0,0.0,0.0,0.0,0.0,0.0,0.0,0.0,0.0,0.0,0.0,0.0,0.0,0.0,0.0,0.0,0.0,0.0,0.0,0.0,0.0,0.0,0.0,0.0,0.0,0.0,0,0,0.0,0.0
SZ3,2.97729810197246e-07,1.539408866995074e-06,0.003002927645336679,0.0,0.000590651100549121,0.0001769804230559428,5.337078651685393e-05,0.0004469784742972133,0.0003081611920081273,0.0005006155108740254,0.0004731389511908576,0.0003529630317666729,0.0005866526674978673,0.0004855681866204623,0.0005291119027146542,0.0002974784794697951,0.0002085222121486854,0.0002068476977567886,0.000440771349862259,0.0002881466928618206,0.0002726994314323378,0.0002969437728597111,0.000219241773962804,0.001099128588490291,0.0004113954611298889,0.0001062779928641919,0.0008509043266856068,0.0005868468639954315,0.0007446920098249172,0.0006879137070818022,0.001042659183362701,0.001588659727986719,0.001216420162994265,0.0009504950495049506,0.0003260527969830296,6.386736085058881e-05,0.0003633343714315374,0.000981634857760173,0.0008783137530904301,0.0007664817179836659,0.0,0.0,0.0,0.0,0.0001138592067875295,0.0005404707325735318,0.0006024594399090628,0.0004802156070072277,0.00281561548955819,0.0006741573033707865,0.003135735334820338,0.0001037136165941787,0.0005555555555555556,0.0006863248053888876,1.50735516677765e-05,0.0004088755316957307,0.0003873728875557831,0.0006093842803405266,0.008132701997207552,0.000191288075683543,0.04194043475780225,0,0,0.0,0.0001065487408550611
TZ0,0.0,0.0,0.0,0.0,0.0,0.0,0.0,0.0,0.0,0.0,0.0,0.0,0.0,0.0,0.0,0.0,0.0,0.0,0.0,0.0,0.0,0.0,0.0,0.0,0.0,0.0,0.0,0.0,0.0,0.0,0.0,0.0,0.0,0.0,0.0,0.0,0.0,0.0,0.0,0.0,0.0,0.0,0.0,0.0,0.0,0.0,0.0,0.0,0.0,0.0,0.0,0.0,0.0,0.0,0.0,0.0,0.0,0.0,0.0,0.0,0.0,0,0,0.0,0.0
UZ0,0.0,0.0,0.0,0.0,0.0,0.0,0.0,0.0,0.0,0.0,0.0,0.0,0.0,0.0,0.0,0.0,0.0,0.0,0.0,0.0,0.0,0.0,0.0,0.0,0.0,0.0,0.0,0.0,0.0,0.0,0.0,0.0,0.0,0.0,0.0,0.0,0.0,0.0,0.0,0.0,0.0,0.0,0.0,0.0,0.0,0.0,0.0,0.0,0.0,0.0,0.0,0.0,0.0,0.0,0.0,0.0,0.0,0.0,0.0,0.0,0.0,0,0,0.0,0.0
OZ0,0.0,0.0,0.0,0.0,0.0,0.0,0.0,0.0,0.0,0.0,0.0,0.0,0.0,0.0,0.0,0.0,0.0,0.0,0.0,0.0,0.0,0.0,0.0,0.0,0.0,0.0,0.0,0.0,0.0,0.0,0.0,0.0,0.0,0.0,0.0,0.0,0.0,0.0,0.0,0.0,0.0,0.0,0.0,0.0,0.0,0.0,0.0,0.0,0.0,0.0,0.0,0.0,0.0,0.0,0.0,0.0,0.0,0.0,0.0,0.0,0.0,0,0,0.0,0.0
PZ0,0.001608485299590621,0.002510775862068966,0.003864491844416562,0.005878656554712892,0.003266058326796179,0.003811140069095097,0.003052434456928839,0.004832001951338496,0.00203860480866915,0.004120405650976025,0.005653407790543324,0.006944454765000929,0.00632128092394514,0.006381270337657947,0.003346026286696966,0.004701759731850385,0.007042535509217286,0.006937898465171192,0.006774740411104047,0.008914091802107518,0.005239610657647702,0.005271216911536793,0.006059728183118741,0.005653293227761313,0.002325446644133269,0.003507932893038791,0.002752074714234169,0.005630722375559151,0.005966757864741309,0.007198423318563375,0.01449933650938676,0.003408466892280187,0.03465237951504176,0.006929501972753667,0.01536140791954746,0.002404359084628828,0.002154053773486972,0.004424558876485416,0.01160991103170736,0.01012889170306614,0.005861541877305643,0.002968817016409588,0.0002657715013311726,0.0,0.0009817104894545164,0.005367578213282536,0.004865291781691493,0.006426711993139777,0.0171083009759681,0.007566937604590008,0.003971605802575666,0.003383596998518377,0.009441773504273505,0.004590145651640533,0.01343428778981779,0.002172227002266145,0.006057868168849221,0.002703623044941596,0.0007812784556547077,0.004511903524274873,0.002055114965481828,0,0,0.003139704555415195,0.01162664905693977
