source,target,weight
01.11,01.50,0.9430640502874108
01.11,10.41,0.7599639549101909
01.13,01.19,0.8137607370027842
01.13,01.21,0.7854784532765899
01.13,01.22,0.8353256762995724
01.13,01.23,0.8477130590199531
01.13,01.24,0.8601605033483402
01.13,01.25,0.8719072364886162
01.13,01.26,0.8677400139390155
01.13,01.30,0.7951625010809267
01.13,01.49,0.7507675457826508
01.13,01.50,0.7634520968860041
01.13,02.10,0.8504317766778373
01.13,08.11,0.7759483765789941
01.13,08.93,0.7647172340955843
01.13,10.31,0.7786052404632829
01.13,10.32,0.8048763299559041
01.13,10.39,0.880902824229153
01.13,10.41,0.8096517672957692
01.13,10.51,0.7525581318660526
01.13,10.52,0.7746931885339077
01.13,10.61,0.833202105295649
01.13,10.71,0.7694261173495172
01.13,10.72,0.7694261173495172
01.13,10.84,0.7963993093881516
01.13,10.86,0.76349522698983
01.13,10.89,0.7589583271489788
01.13,11.07,0.763028249177721
01.13,12.00,0.7711334340658158
01.14,08.93,0.7552311169865014
01.15,01.22,0.7901277564621831
01.15,01.26,0.7819461437441779
01.15,01.27,0.7524545740880995
01.15,10.32,0.7516614876226401
01.15,10.39,0.8178459578811599
01.15,10.81,0.7920024116364903
01.15,12.00,0.8800413301461456
01.15,14.12,0.8276126031679183
01.15,14.13,0.8028663276241739
01.15,14.14,0.8244635835926467
01.15,14.39,0.8243505241490139
01.15,15.11,0.7772043145824563
01.15,23.51,0.7658259955640794
01.15,23.52,0.7525883549501361
01.16,13.10,0.9438511740730922
01.19,01.13,0.8137607370027842
01.19,01.25,0.9655367773973806
01.19,02.10,0.980337665102025
01.21,01.13,0.7854784532765899
01.21,01.23,0.822707934155294
01.21,01.24,0.8046547875816188
01.21,08.11,0.7556272638556001
01.21,10.39,0.7581929912332118
01.22,01.13,0.8353256762995724
01.22,01.15,0.7901277564621831
01.22,01.23,0.8003634122864908
01.22,01.25,0.7819348771641615
01.22,01.26,0.8441799220578017
01.22,01.27,0.8002796756638718
01.22,03.11,0.7564218867570235
01.22,03.12,0.7564218867570235
01.22,10.20,0.7649250476926104
01.22,10.32,0.7994768057271634
01.22,10.39,0.892350434934323
01.22,10.73,0.7844451598008393
01.22,10.83,0.8106045374592379
01.22,10.84,0.7758372337529964
01.22,10.85,0.7844451598008393
01.22,12.00,0.8088416013181694
01.22,14.14,0.7573066588304505
01.22,14.39,0.761355215227624
01.22,24.41,0.784562140541508
01.23,01.13,0.8477130590199531
01.23,01.21,0.822707934155294
01.23,01.22,0.8003634122864908
01.23,01.24,0.760973019744059
01.23,01.25,0.7840722242199969
01.23,01.26,0.8088200593407593
01.23,08.11,0.7513858867994634
01.23,08.93,0.7537867290394518
01.23,10.39,0.8458624782415523
01.23,10.41,0.7557134950233609
01.24,01.13,0.8601605033483402
01.24,01.21,0.8046547875816188
01.24,01.23,0.760973019744059
01.24,01.25,0.8045347648121004
01.24,01.26,0.7523100945257439
01.24,01.45,0.7629068132162528
01.24,02.10,0.7594759298678301
01.24,10.39,0.8059376428662834
01.24,10.52,0.7736802350314849
01.24,10.61,0.7546784125514739
01.24,11.02,0.8003004540264376
01.24,20.41,0.7555136289190466
01.25,01.13,0.8719072364886162
01.25,01.19,0.9655367773973806
01.25,01.22,0.7819348771641615
01.25,01.23,0.7840722242199969
01.25,01.24,0.8045347648121004
01.25,01.50,0.7569101709137451
01.25,02.10,0.9705892257005484
01.25,10.32,0.7877900381985495
01.25,10.39,0.8121691555663568
01.26,01.13,0.8677400139390155
01.26,01.15,0.7819461437441779
01.26,01.22,0.8441799220578017
01.26,01.23,0.8088200593407593
01.26,01.24,0.7523100945257439
01.26,01.30,0.7885818946135215
01.26,08.93,0.7927072263448336
01.26,10.32,0.8054624575389544
01.26,10.39,0.8938987231261842
01.26,10.52,0.7734000275457049
01.26,10.61,0.7729935999417493
01.26,10.71,0.8321648489919921
01.26,10.72,0.8321648489919921
01.26,10.81,0.7633062114903317
01.26,10.84,0.8146603338662062
01.26,11.05,0.76499834135767
01.26,11.07,0.7928199876857782
01.26,12.00,0.794281443117947
01.26,14.12,0.8225673856653575
01.26,14.13,0.7945053114684335
01.26,14.14,0.8041837247442575
01.26,14.39,0.7983507611228013
01.26,15.11,0.751541107773066
01.26,17.21,0.8044114344111715
01.26,22.22,0.8021377115947035
01.26,23.51,0.8061196868708986
01.26,23.52,0.7732174727322176
01.27,01.15,0.7524545740880995
01.27,01.22,0.8002796756638718
01.27,01.28,0.7715620135503313
01.27,02.30,0.7914821130941108
01.27,10.83,0.9948174488555817
01.27,24.41,0.768867396248547
01.28,01.27,0.7715620135503313
01.28,02.30,0.7551723314465784
01.28,03.11,0.7536632435808059
01.28,03.12,0.7536632435808059
01.28,10.20,0.7777965418652673
01.28,10.83,0.773009974337419
01.28,10.84,0.8078842908732455
01.29,02.30,0.8936233026907493
01.30,01.13,0.7951625010809267
01.30,01.26,0.7885818946135215
01.30,10.39,0.7617581791459225
01.30,10.52,0.7680637162017008
01.30,32.91,0.7524864472293542
01.41,01.42,0.9992053731947692
01.41,01.49,0.7646622653940376
01.41,01.50,0.7927845829816358
01.41,02.20,0.7511722888174335
01.41,08.93,0.7622670343520923
01.41,10.13,0.8228458953021149
01.41,10.51,0.7831472138695277
01.41,10.61,0.765360335468659
01.41,10.86,0.7952466322730867
01.41,10.89,0.7569200143815642
01.41,11.05,0.7868684964162341
01.41,11.07,0.7877196892024798
01.41,16.10,0.7658063540454514
01.41,16.21,0.7906256363478463
01.41,16.22,0.7779003042309454
01.41,16.23,0.772921821058673
01.41,22.22,0.7676122474933884
01.41,23.61,0.759510225393992
01.41,25.92,0.7526619897328708
01.41,35.11,0.7932711595928963
01.42,01.41,0.9992053731947692
01.42,01.49,0.7672369682927804
01.42,01.50,0.7928587630776731
01.42,02.20,0.751957978180254
01.42,08.93,0.7659910046681141
01.42,10.13,0.8218977102606838
01.42,10.51,0.7827150466104433
01.42,10.61,0.7675731983363021
01.42,10.86,0.7967002580553286
01.42,10.89,0.7587125235646518
01.42,11.05,0.7857446814492042
01.42,11.07,0.7871886642969166
01.42,16.10,0.7656524332230803
01.42,16.21,0.788480421147267
01.42,16.22,0.7758260552517178
01.42,16.23,0.7736735527427093
01.42,22.22,0.7643737729514608
01.42,23.61,0.7600572663162306
01.42,25.92,0.7526675294013214
01.42,35.11,0.792378327996741
01.43,10.11,0.8077612296455008
01.43,10.51,0.7567938492776558
01.43,20.52,0.7673558817675763
01.43,20.59,0.7767015911441998
01.44,01.49,0.7931600521617114
01.44,03.11,0.7680696791398284
01.44,03.12,0.7680696791398284
01.44,03.21,0.9968890971724991
01.44,03.22,0.9968890971724991
01.45,01.24,0.7629068132162528
01.45,01.50,0.7601982359531113
01.46,10.11,0.762670027145804
01.47,01.49,0.8443224544153234
01.47,10.13,0.7812298567917251
01.47,10.82,0.7516185768711228
01.47,10.91,0.7617172631424007
01.47,10.92,0.7690899262859151
01.47,11.05,0.7847563154956436
01.47,20.41,0.7535500322680886
01.47,23.69,0.8003215908117931
01.47,25.21,0.7595255467668894
01.47,25.91,0.7764750562933067
01.47,25.92,0.8009306072442652
01.47,27.33,0.77799779710294
01.47,35.11,0.7555886626418493
01.47,58.13,0.7715790844331285
01.47,58.14,0.7715790844331285
01.49,01.13,0.7507675457826508
01.49,01.41,0.7646622653940376
01.49,01.42,0.7672369682927804
01.49,01.44,0.7931600521617114
01.49,01.47,0.8443224544153234
01.49,01.50,0.7511716597174483
01.49,03.21,0.7761823258829479
01.49,03.22,0.7761823258829479
01.49,08.12,0.7649177071051445
01.49,08.93,0.7685175716653949
01.49,10.13,0.7796182641281004
01.49,10.39,0.7672421251179249
01.49,10.41,0.7695628345283054
01.49,10.61,0.7929723000445806
01.49,10.71,0.7793069516002056
01.49,10.72,0.7793069516002056
01.49,10.86,0.7523689221641414
01.49,10.89,0.7539881758620155
01.49,10.91,0.7530849273435298
01.49,10.92,0.7536724060312593
01.49,11.05,0.7812413039224948
01.49,12.00,0.7613337669258274
01.49,16.21,0.7560428349030505
01.49,20.15,0.759296846097747
01.49,23.51,0.753053343139847
01.49,23.52,0.7651436589528882
01.49,23.61,0.7576550744710167
01.49,23.69,0.8007396402127819
01.49,25.91,0.767079537044109
01.49,35.11,0.7766506746472754
01.50,01.11,0.9430640502874108
01.50,01.13,0.7634520968860041
01.50,01.25,0.7569101709137451
01.50,01.41,0.7927845829816358
01.50,01.42,0.7928587630776731
01.50,01.45,0.7601982359531113
01.50,01.49,0.7511716597174483
01.50,10.39,0.7510016913493711
01.50,10.41,0.8388710887511861
01.50,10.51,0.7621423291443836
01.50,10.81,0.7872889438125789
01.50,11.05,0.7604623198055542
01.50,16.21,0.753834518017156
01.50,20.15,0.7810374204617622
02.10,01.13,0.8504317766778373
02.10,01.19,0.980337665102025
02.10,01.24,0.7594759298678301
02.10,01.25,0.9705892257005484
02.10,10.32,0.7623761659624493
02.20,01.41,0.7511722888174335
02.20,01.42,0.751957978180254
02.20,16.10,0.9774684589462905
02.20,16.21,0.8371866817696585
02.20,16.22,0.7995423982718617
02.20,16.23,0.782978532644331
02.20,20.15,0.7923833220317422
02.20,23.61,0.7610827751609922
02.30,01.27,0.7914821130941108
02.30,01.28,0.7551723314465784
02.30,01.29,0.8936233026907493
02.30,03.11,0.7618307518264029
02.30,03.12,0.7618307518264029
02.30,10.83,0.802875111652895
03.11,01.22,0.7564218867570235
03.11,01.28,0.7536632435808059
03.11,01.44,0.7680696791398284
03.11,02.30,0.7618307518264029
03.11,03.12,1.0
03.11,03.21,0.7771271928746744
03.11,03.22,0.7771271928746744
03.11,08.93,0.7700397434144449
03.11,10.20,0.9443693808636076
03.11,10.84,0.7738675772654524
03.11,12.00,0.751336357826716
03.11,13.94,0.7562763807557753
03.11,14.14,0.7655915181101379
03.11,14.39,0.7611600192554016
03.12,01.22,0.7564218867570235
03.12,01.28,0.7536632435808059
03.12,01.44,0.7680696791398284
03.12,02.30,0.7618307518264029
03.12,03.11,1.0
03.12,03.21,0.7771271928746744
03.12,03.22,0.7771271928746744
03.12,08.93,0.7700397434144449
03.12,10.20,0.9443693808636076
03.12,10.84,0.7738675772654524
03.12,12.00,0.751336357826716
03.12,13.94,0.7562763807557753
03.12,14.14,0.7655915181101379
03.12,14.39,0.7611600192554016
03.21,01.44,0.9968890971724991
03.21,01.49,0.7761823258829479
03.21,03.11,0.7771271928746744
03.21,03.12,0.7771271928746744
03.21,03.22,1.0
03.22,01.44,0.9968890971724991
03.22,01.49,0.7761823258829479
03.22,03.11,0.7771271928746744
03.22,03.12,0.7771271928746744
03.22,03.21,1.0
05.10,07.10,0.7956028233682917
06.10,06.20,0.7623980229530358
06.10,19.20,0.762265581037457
06.20,06.10,0.7623980229530358
06.20,19.20,0.7886221879645967
07.10,05.10,0.7956028233682917
07.10,07.29,0.7505584839757464
07.29,07.10,0.7505584839757464
07.29,08.91,0.7632736471541183
08.11,01.13,0.7759483765789941
08.11,01.21,0.7556272638556001
08.11,01.23,0.7513858867994634
08.11,10.39,0.8061419012331462
08.11,12.00,0.7539806595349746
08.11,23.52,0.7899809115982488
08.11,23.70,0.7708704200108683
08.12,01.49,0.7649177071051445
08.12,10.41,0.7904460059169305
08.12,23.52,0.7690156933812579
08.12,35.11,0.7570458197787662
08.12,38.11,0.769363684181892
08.91,07.29,0.7632736471541183
08.91,24.43,0.7663391299139473
08.93,01.13,0.7647172340955843
08.93,01.14,0.7552311169865014
08.93,01.23,0.7537867290394518
08.93,01.26,0.7927072263448336
08.93,01.41,0.7622670343520923
08.93,01.42,0.7659910046681141
08.93,01.49,0.7685175716653949
08.93,03.11,0.7700397434144449
08.93,03.12,0.7700397434144449
08.93,10.20,0.7868798873903637
08.93,10.39,0.7722918887552133
08.93,10.84,0.7922357923292449
08.93,15.11,0.7785200166893482
08.93,20.15,0.7719288601257538
08.93,23.51,0.8101042046418558
08.93,35.11,0.7529990069576253
08.99,35.21,0.750589047264834
10.11,01.43,0.8077612296455008
10.11,01.46,0.762670027145804
10.11,10.12,0.7667960080251117
10.11,10.51,0.8235041974045841
10.11,10.62,0.763060361183259
10.11,10.86,0.7522584622370417
10.11,10.89,0.7786297968308251
10.11,11.06,0.759985559503265
10.11,28.30,0.7747111061723855
10.12,10.11,0.7667960080251117
10.12,28.30,0.7582029467463556
10.13,01.41,0.8228458953021149
10.13,01.42,0.8218977102606838
10.13,01.47,0.7812298567917251
10.13,01.49,0.7796182641281004
10.13,10.42,0.7516091794355659
10.13,10.51,0.8751983509166457
10.13,10.52,0.8245335738702415
10.13,10.61,0.8180035716995021
10.13,10.71,0.7671174937116598
10.13,10.72,0.7671174937116598
10.13,10.86,0.8862928262892957
10.13,10.89,0.8337127183959836
10.13,10.91,0.827624739529093
10.13,10.92,0.832194873583666
10.13,11.03,0.7727318474592686
10.13,11.05,0.8530146646882941
10.13,11.07,0.8153156869771121
10.13,16.21,0.8173113056546328
10.13,16.22,0.8069034231465956
10.13,16.23,0.7838001374729124
10.13,17.21,0.7504035768592738
10.13,20.41,0.7865324962107076
10.13,22.21,0.7514421289920027
10.13,22.22,0.7954088177176766
10.13,23.32,0.7673632553834292
10.13,23.61,0.7813382742795401
10.13,23.69,0.815499860750527
10.13,25.11,0.8106216030549418
10.13,25.12,0.8080594327920942
10.13,25.91,0.7965305888830192
10.13,25.92,0.7993869575995344
10.13,27.33,0.7638147056750996
10.13,31.03,0.7627811485990356
10.20,01.22,0.7649250476926104
10.20,01.28,0.7777965418652673
10.20,03.11,0.9443693808636076
10.20,03.12,0.9443693808636076
10.20,08.93,0.7868798873903637
10.20,10.84,0.7933747977406478
10.20,13.94,0.7872153790122367
10.20,14.14,0.7583092497217032
10.20,14.39,0.7517236484063601
10.31,01.13,0.7786052404632829
10.31,10.39,0.8648651398451047
10.32,01.13,0.8048763299559041
10.32,01.15,0.7516614876226401
10.32,01.22,0.7994768057271634
10.32,01.25,0.7877900381985495
10.32,01.26,0.8054624575389544
10.32,02.10,0.7623761659624493
10.32,10.39,0.8807673263123121
10.32,10.42,0.7658922304489643
10.32,10.61,0.7842921755067305
10.32,10.71,0.7867384922440785
10.32,10.72,0.7867384922440785
10.32,10.81,0.7518073292009512
10.32,10.84,0.8020823463983623
10.32,10.86,0.7505456836369739
10.32,11.05,0.7712971122609988
10.32,11.07,0.7634511630737407
10.32,12.00,0.7830649751822817
10.32,20.41,0.7656054645719415
10.32,22.22,0.761756114960002
10.39,01.13,0.880902824229153
10.39,01.15,0.8178459578811599
10.39,01.21,0.7581929912332118
10.39,01.22,0.892350434934323
10.39,01.23,0.8458624782415523
10.39,01.24,0.8059376428662834
10.39,01.25,0.8121691555663568
10.39,01.26,0.8938987231261842
10.39,01.30,0.7617581791459225
10.39,01.49,0.7672421251179249
10.39,01.50,0.7510016913493711
10.39,08.11,0.8061419012331462
10.39,08.93,0.7722918887552133
10.39,10.31,0.8648651398451047
10.39,10.32,0.8807673263123121
10.39,10.41,0.781140496927171
10.39,10.61,0.8057379673937258
10.39,10.71,0.7959588820891966
10.39,10.72,0.7959588820891966
10.39,10.81,0.773082826261891
10.39,10.84,0.8005754180259708
10.39,11.07,0.7690216214991685
10.39,12.00,0.8226128853965557
10.39,14.12,0.7983940725852794
10.39,14.13,0.7725756724505325
10.39,14.14,0.7994205002790138
10.39,14.39,0.8063407014011679
10.39,15.11,0.7576199173035596
10.39,17.21,0.7530409340736635
10.39,20.41,0.7576155305377221
10.39,22.22,0.7693334468950546
10.39,23.51,0.7614667450706036
10.39,23.52,0.7888480302537784
10.41,01.11,0.7599639549101909
10.41,01.13,0.8096517672957692
10.41,01.23,0.7557134950233609
10.41,01.49,0.7695628345283054
10.41,01.50,0.8388710887511861
10.41,08.12,0.7904460059169305
10.41,10.39,0.781140496927171
10.41,10.82,0.7553866706313259
10.41,11.05,0.7596401670340124
10.42,10.13,0.7516091794355659
10.42,10.32,0.7658922304489643
10.42,10.71,0.792950513429485
10.42,10.72,0.792950513429485
10.42,10.84,0.7993728962863444
10.42,11.05,0.7589817010060311
10.42,16.21,0.7538100422120968
10.42,16.22,0.7632633512037759
10.42,16.23,0.7675892356927331
10.42,17.21,0.7602493900547435
10.42,23.52,0.7650683169649539
10.42,23.61,0.753340495272443
10.42,23.69,0.7588704269238713
10.42,25.11,0.7780661867717376
10.42,25.12,0.768867063004142
10.42,25.91,0.7683677431310667
10.51,01.13,0.7525581318660526
10.51,01.41,0.7831472138695277
10.51,01.42,0.7827150466104433
10.51,01.43,0.7567938492776558
10.51,01.50,0.7621423291443836
10.51,10.11,0.8235041974045841
10.51,10.13,0.8751983509166457
10.51,10.52,0.8092755621852613
10.51,10.61,0.786400363339202
10.51,10.62,0.761191293710977
10.51,10.71,0.7539276843635452
10.51,10.72,0.7539276843635452
10.51,10.82,0.7720097644328516
10.51,10.86,0.8352079962489369
10.51,10.89,0.8272056644138572
10.51,10.91,0.7796356136326432
10.51,10.92,0.779806544914546
10.51,11.03,0.7731963912864319
10.51,11.05,0.8055603562984954
10.51,16.21,0.7573921337061631
10.51,28.93,0.7544306007352641
10.51,58.13,0.7574564897303446
10.51,58.14,0.7574564897303446
10.52,01.13,0.7746931885339077
10.52,01.24,0.7736802350314849
10.52,01.26,0.7734000275457049
10.52,01.30,0.7680637162017008
10.52,10.13,0.8245335738702415
10.52,10.51,0.8092755621852613
10.52,10.61,0.8030643544708004
10.52,10.71,0.836194235556205
10.52,10.72,0.836194235556205
10.52,10.84,0.7574911093537251
10.52,10.86,0.7846423250564792
10.52,10.89,0.7573646181707192
10.52,10.91,0.7650354283505116
10.52,10.92,0.768027326547611
10.52,11.03,0.7653415118091875
10.52,11.05,0.8554388578353697
10.52,11.07,0.8453979795662903
10.52,14.31,0.75825091908256
10.52,17.21,0.7990092182394877
10.52,20.30,0.7824005333228212
10.52,20.41,0.8695228120062353
10.52,22.21,0.8118330522071158
10.52,22.22,0.8161675279705807
10.52,23.32,0.7837555591053069
10.52,23.52,0.756019723736215
10.52,23.61,0.7569877282777768
10.52,23.69,0.8083509312513427
10.52,24.33,0.7781895632892029
10.52,25.11,0.803170144185002
10.52,25.12,0.8075421931277105
10.52,25.91,0.8177601270916626
10.52,25.92,0.8295182013270167
10.52,35.11,0.7819842962674268
10.52,58.11,0.7749816085387671
10.52,58.13,0.7932042934774827
10.52,58.14,0.7932042934774827
10.52,58.19,0.8205771652388951
10.61,01.13,0.833202105295649
10.61,01.24,0.7546784125514739
10.61,01.26,0.7729935999417493
10.61,01.41,0.765360335468659
10.61,01.42,0.7675731983363021
10.61,01.49,0.7929723000445806
10.61,10.13,0.8180035716995021
10.61,10.32,0.7842921755067305
10.61,10.39,0.8057379673937258
10.61,10.51,0.786400363339202
10.61,10.52,0.8030643544708004
10.61,10.71,0.7887570335091849
10.61,10.72,0.7887570335091849
10.61,10.84,0.8014876554444419
10.61,10.86,0.9431803082946981
10.61,10.89,0.941525569760254
10.61,10.91,0.8263945787190488
10.61,10.92,0.8239006474724409
10.61,11.05,0.8022213688908154
10.61,11.07,0.810541112283415
10.61,20.41,0.8421625274772517
10.61,22.21,0.7688426641966861
10.61,22.22,0.752753209195287
10.61,23.52,0.7932289278436555
10.61,23.69,0.761119407662899
10.61,25.91,0.7613793185865021
10.61,25.92,0.7957128569256305
10.61,58.19,0.7562548402630109
10.62,10.11,0.763060361183259
10.62,10.51,0.761191293710977
10.62,20.52,0.7981434970199219
10.62,28.30,0.8072936358859043
10.71,01.13,0.7694261173495172
10.71,01.26,0.8321648489919921
10.71,01.49,0.7793069516002056
10.71,10.13,0.7671174937116598
10.71,10.32,0.7867384922440785
10.71,10.39,0.7959588820891966
10.71,10.42,0.792950513429485
10.71,10.51,0.7539276843635452
10.71,10.52,0.836194235556205
10.71,10.61,0.7887570335091849
10.71,10.72,1.0
10.71,10.82,0.7843504880899528
10.71,10.84,0.8315289212910438
10.71,10.91,0.7501814246350147
10.71,11.05,0.8635900741919906
10.71,11.07,0.8355964238990723
10.71,12.00,0.7939733300327688
10.71,14.12,0.7718199205490844
10.71,17.21,0.8497701001199577
10.71,20.41,0.8091784841220104
10.71,22.21,0.7739304515832578
10.71,22.22,0.8564302520672071
10.71,23.51,0.7539241354722943
10.71,23.52,0.7988692022262505
10.71,23.61,0.7519087828138393
10.71,23.69,0.7784479894331748
10.71,25.11,0.7651795876734512
10.71,25.12,0.7596143510184878
10.71,25.91,0.8382262230760678
10.71,25.92,0.8006648215368919
10.71,27.32,0.76842980638644
10.71,35.11,0.7923781573752997
10.71,38.11,0.7706150214660062
10.72,01.13,0.7694261173495172
10.72,01.26,0.8321648489919921
10.72,01.49,0.7793069516002056
10.72,10.13,0.7671174937116598
10.72,10.32,0.7867384922440785
10.72,10.39,0.7959588820891966
10.72,10.42,0.792950513429485
10.72,10.51,0.7539276843635452
10.72,10.52,0.836194235556205
10.72,10.61,0.7887570335091849
10.72,10.71,1.0
10.72,10.82,0.7843504880899528
10.72,10.84,0.8315289212910438
10.72,10.91,0.7501814246350147
10.72,11.05,0.8635900741919906
10.72,11.07,0.8355964238990723
10.72,12.00,0.7939733300327688
10.72,14.12,0.7718199205490844
10.72,17.21,0.8497701001199577
10.72,20.41,0.8091784841220104
10.72,22.21,0.7739304515832578
10.72,22.22,0.8564302520672071
10.72,23.51,0.7539241354722943
10.72,23.52,0.7988692022262505
10.72,23.61,0.7519087828138393
10.72,23.69,0.7784479894331748
10.72,25.11,0.7651795876734512
10.72,25.12,0.7596143510184878
10.72,25.91,0.8382262230760678
10.72,25.92,0.8006648215368919
10.72,27.32,0.76842980638644
10.72,35.11,0.7923781573752997
10.72,38.11,0.7706150214660062
10.73,01.22,0.7844451598008393
10.73,10.85,0.9999999999999998
10.81,01.15,0.7920024116364903
10.81,01.26,0.7633062114903317
10.81,01.50,0.7872889438125789
10.81,10.32,0.7518073292009512
10.81,10.39,0.773082826261891
10.81,11.05,0.7977384661783313
10.81,11.07,0.7849914526817612
10.81,12.00,0.8083851924009156
10.81,23.51,0.7742170984270932
10.81,23.52,0.7592757710576046
10.81,35.11,0.7647309511903578
10.82,01.47,0.7516185768711228
10.82,10.41,0.7553866706313259
10.82,10.51,0.7720097644328516
10.82,10.71,0.7843504880899528
10.82,10.72,0.7843504880899528
10.82,11.05,0.7632982799557163
10.82,58.19,0.7548877427800271
10.83,01.22,0.8106045374592379
10.83,01.27,0.9948174488555817
10.83,01.28,0.773009974337419
10.83,02.30,0.802875111652895
10.83,24.41,0.7718555837725313
10.84,01.13,0.7963993093881516
10.84,01.22,0.7758372337529964
10.84,01.26,0.8146603338662062
10.84,01.28,0.8078842908732455
10.84,03.11,0.7738675772654524
10.84,03.12,0.7738675772654524
10.84,08.93,0.7922357923292449
10.84,10.20,0.7933747977406478
10.84,10.32,0.8020823463983623
10.84,10.39,0.8005754180259708
10.84,10.42,0.7993728962863444
10.84,10.52,0.7574911093537251
10.84,10.61,0.8014876554444419
10.84,10.71,0.8315289212910438
10.84,10.72,0.8315289212910438
10.84,10.86,0.7591105232528638
10.84,11.05,0.7867434197194894
10.84,11.07,0.7646463191531012
10.84,12.00,0.7973299670068749
10.84,14.12,0.7514919481048612
10.84,17.21,0.8169367033099231
10.84,22.22,0.7875302834853034
10.84,23.51,0.7812210384470203
10.84,23.52,0.7760909947539496
10.84,25.91,0.8170955517360878
10.84,38.11,0.7664310191642887
10.85,01.22,0.7844451598008393
10.85,10.73,0.9999999999999998
10.86,01.13,0.76349522698983
10.86,01.41,0.7952466322730867
10.86,01.42,0.7967002580553286
10.86,01.49,0.7523689221641414
10.86,10.11,0.7522584622370417
10.86,10.13,0.8862928262892957
10.86,10.32,0.7505456836369739
10.86,10.51,0.8352079962489369
10.86,10.52,0.7846423250564792
10.86,10.61,0.9431803082946981
10.86,10.84,0.7591105232528638
10.86,10.89,0.9771320738484173
10.86,10.91,0.8236446163498664
10.86,10.92,0.8234658616320667
10.86,11.05,0.7972845042698484
10.86,11.07,0.8035473296163289
10.86,16.21,0.7699496205595922
10.86,20.30,0.7512869947837115
10.86,20.41,0.8004703700676544
10.86,22.22,0.7526970754492072
10.86,23.52,0.7519357620959187
10.86,23.69,0.7748267902532144
10.86,25.92,0.7938427722198211
10.89,01.13,0.7589583271489788
10.89,01.41,0.7569200143815642
10.89,01.42,0.7587125235646518
10.89,01.49,0.7539881758620155
10.89,10.11,0.7786297968308251
10.89,10.13,0.8337127183959836
10.89,10.51,0.8272056644138572
10.89,10.52,0.7573646181707192
10.89,10.61,0.941525569760254
10.89,10.86,0.9771320738484173
10.89,10.91,0.8189434949276895
10.89,10.92,0.8176609755353186
10.89,11.05,0.7594534301225417
10.89,11.07,0.7653358527098593
10.89,20.41,0.7934325420212927
10.89,23.69,0.7618395481247866
10.89,25.92,0.7851675953196648
10.91,01.47,0.7617172631424007
10.91,01.49,0.7530849273435298
10.91,10.13,0.827624739529093
10.91,10.51,0.7796356136326432
10.91,10.52,0.7650354283505116
10.91,10.61,0.8263945787190488
10.91,10.71,0.7501814246350147
10.91,10.72,0.7501814246350147
10.91,10.86,0.8236446163498664
10.91,10.89,0.8189434949276895
10.91,10.92,0.9991171420907657
10.91,11.05,0.8136948907879975
10.91,20.41,0.7894056945429013
10.91,25.91,0.7638240950890915
10.91,25.92,0.8200549401124229
10.91,58.19,0.7683819277804415
10.92,01.47,0.7690899262859151
10.92,01.49,0.7536724060312593
10.92,10.13,0.832194873583666
10.92,10.51,0.779806544914546
10.92,10.52,0.768027326547611
10.92,10.61,0.8239006474724409
10.92,10.86,0.8234658616320667
10.92,10.89,0.8176609755353186
10.92,10.91,0.9991171420907657
10.92,11.05,0.8172941371850302
10.92,20.41,0.7898129804516614
10.92,22.22,0.7541332643227474
10.92,25.91,0.7665123537924308
10.92,25.92,0.8227116293515502
10.92,58.19,0.7731153071566705
11.02,01.24,0.8003004540264376
11.02,11.04,0.839111079582615
11.03,10.13,0.7727318474592686
11.03,10.51,0.7731963912864319
11.03,10.52,0.7653415118091875
11.03,11.05,0.7668543048277141
11.04,11.02,0.839111079582615
11.05,01.26,0.76499834135767
11.05,01.41,0.7868684964162341
11.05,01.42,0.7857446814492042
11.05,01.47,0.7847563154956436
11.05,01.49,0.7812413039224948
11.05,01.50,0.7604623198055542
11.05,10.13,0.8530146646882941
11.05,10.32,0.7712971122609988
11.05,10.41,0.7596401670340124
11.05,10.42,0.7589817010060311
11.05,10.51,0.8055603562984954
11.05,10.52,0.8554388578353697
11.05,10.61,0.8022213688908154
11.05,10.71,0.8635900741919906
11.05,10.72,0.8635900741919906
11.05,10.81,0.7977384661783313
11.05,10.82,0.7632982799557163
11.05,10.84,0.7867434197194894
11.05,10.86,0.7972845042698484
11.05,10.89,0.7594534301225417
11.05,10.91,0.8136948907879975
11.05,10.92,0.8172941371850302
11.05,11.03,0.7668543048277141
11.05,11.07,0.9120768455588402
11.05,16.21,0.7500827760749829
11.05,17.21,0.8161878981205856
11.05,20.30,0.780774532916706
11.05,20.41,0.8288293559081458
11.05,22.21,0.764765793881713
11.05,22.22,0.8205688885666489
11.05,23.52,0.7595333891170092
11.05,23.69,0.7650142473400443
11.05,25.11,0.7598494846343709
11.05,25.12,0.7594564664279075
11.05,25.91,0.805089657699797
11.05,25.92,0.8274914530329076
11.05,35.11,0.8206593547144616
11.05,38.11,0.7910253860657672
11.05,58.13,0.7618723037984867
11.05,58.14,0.7618723037984867
11.05,58.19,0.7909547130760128
11.06,10.11,0.759985559503265
11.06,28.30,0.7856054765408431
11.07,01.13,0.763028249177721
11.07,01.26,0.7928199876857782
11.07,01.41,0.7877196892024798
11.07,01.42,0.7871886642969166
11.07,10.13,0.8153156869771121
11.07,10.32,0.7634511630737407
11.07,10.39,0.7690216214991685
11.07,10.52,0.8453979795662903
11.07,10.61,0.810541112283415
11.07,10.71,0.8355964238990723
11.07,10.72,0.8355964238990723
11.07,10.81,0.7849914526817612
11.07,10.84,0.7646463191531012
11.07,10.86,0.8035473296163289
11.07,10.89,0.7653358527098593
11.07,11.05,0.9120768455588402
11.07,16.21,0.7526407692594529
11.07,16.23,0.7528531675248431
11.07,17.21,0.7969302585520945
11.07,20.30,0.7532241243657598
11.07,20.41,0.8197091412970624
11.07,22.21,0.7713225158164909
11.07,22.22,0.8016775414536657
11.07,23.51,0.7654878393156758
11.07,23.52,0.7661998441019549
11.07,23.61,0.7622325974685138
11.07,23.69,0.7697069476858227
11.07,25.11,0.7812013576852176
11.07,25.12,0.7761801533440481
11.07,25.91,0.7802974680879621
11.07,25.92,0.7871041093199376
11.07,35.11,0.7917113541972949
11.07,58.19,0.7511787126962534
12.00,01.13,0.7711334340658158
12.00,01.15,0.8800413301461456
12.00,01.22,0.8088416013181694
12.00,01.26,0.794281443117947
12.00,01.49,0.7613337669258274
12.00,03.11,0.751336357826716
12.00,03.12,0.751336357826716
12.00,08.11,0.7539806595349746
12.00,10.32,0.7830649751822817
12.00,10.39,0.8226128853965557
12.00,10.71,0.7939733300327688
12.00,10.72,0.7939733300327688
12.00,10.81,0.8083851924009156
12.00,10.84,0.7973299670068749
12.00,14.12,0.7943815497854214
12.00,14.13,0.7736286162535027
12.00,14.14,0.7898755313447492
12.00,14.39,0.7746666525000859
12.00,17.21,0.7744933624333342
12.00,22.22,0.7603374825667488
12.00,23.51,0.7761161609953535
12.00,23.52,0.791389535003214
13.10,01.16,0.9438511740730922
13.20,13.91,0.7502861364900841
13.20,13.96,0.7535116461835041
13.20,20.60,0.7555515368390442
13.20,25.99,0.7810356501611749
13.91,13.20,0.7502861364900841
13.91,25.99,0.7583694874733198
13.92,14.11,0.8092192978613548
13.92,14.12,0.8328734764120294
13.92,14.13,0.8570221065284829
13.92,14.14,0.8263831296733676
13.92,14.19,0.8406859946843809
13.92,14.31,0.8088205574382094
13.92,14.39,0.7944297448888853
13.92,15.20,0.7912646387315231
13.92,23.70,0.7503905743368816
13.92,31.01,0.7588915566426382
13.92,31.02,0.7588915566426382
13.92,31.03,0.8355705234030342
13.92,31.09,0.7622437257067602
13.92,32.30,0.8296229158084261
13.94,03.11,0.7562763807557753
13.94,03.12,0.7562763807557753
13.94,10.20,0.7872153790122367
13.94,14.12,0.7909907317234015
13.94,14.13,0.7861505263271333
13.94,14.14,0.8135499334609
13.94,14.39,0.790124137430577
13.96,13.20,0.7535116461835041
13.96,25.93,0.7536338864872583
13.96,30.92,0.7519412541232939
14.11,13.92,0.8092192978613548
14.11,14.12,0.7928625029652812
14.11,14.13,0.81909208672221
14.11,14.14,0.8221815120036328
14.11,14.19,0.9216489933112431
14.11,14.39,0.7899842318741033
14.11,15.20,0.8185733142766101
14.11,32.30,0.8733189219385842
14.11,32.99,0.825455995077615
14.12,01.15,0.8276126031679183
14.12,01.26,0.8225673856653575
14.12,10.39,0.7983940725852794
14.12,10.71,0.7718199205490844
14.12,10.72,0.7718199205490844
14.12,10.84,0.7514919481048612
14.12,12.00,0.7943815497854214
14.12,13.92,0.8328734764120294
14.12,13.94,0.7909907317234015
14.12,14.11,0.7928625029652812
14.12,14.13,0.9884925148286416
14.12,14.14,0.9782132392447516
14.12,14.19,0.9130853163043957
14.12,14.31,0.8470159481906512
14.12,14.39,0.9543280024197986
14.12,15.20,0.8288877468969773
14.12,17.21,0.8188972844766496
14.12,22.22,0.7563609702413816
14.12,23.51,0.7804716144015068
14.12,27.31,0.7979699742970969
14.12,27.32,0.8092328623267682
14.12,32.30,0.8365870216062233
14.13,01.15,0.8028663276241739
14.13,01.26,0.7945053114684335
14.13,10.39,0.7725756724505325
14.13,12.00,0.7736286162535027
14.13,13.92,0.8570221065284829
14.13,13.94,0.7861505263271333
14.13,14.11,0.81909208672221
14.13,14.12,0.9884925148286416
14.13,14.14,0.9808505086901274
14.13,14.19,0.9207537913798993
14.13,14.31,0.8552502455404584
14.13,14.39,0.9556502483082835
14.13,15.20,0.8459878297422161
14.13,17.21,0.7826139571313535
14.13,23.51,0.752188822324444
14.13,27.31,0.7793058431228104
14.13,27.32,0.7885225645767411
14.13,32.30,0.8557457673761485
14.14,01.15,0.8244635835926467
14.14,01.22,0.7573066588304505
14.14,01.26,0.8041837247442575
14.14,03.11,0.7655915181101379
14.14,03.12,0.7655915181101379
14.14,10.20,0.7583092497217032
14.14,10.39,0.7994205002790138
14.14,12.00,0.7898755313447492
14.14,13.92,0.8263831296733676
14.14,13.94,0.8135499334609
14.14,14.11,0.8221815120036328
14.14,14.12,0.9782132392447516
14.14,14.13,0.9808505086901274
14.14,14.19,0.9188232857764628
14.14,14.31,0.8255645642796292
14.14,14.39,0.9739459918576137
14.14,15.20,0.8314486093475542
14.14,17.21,0.776383093789643
14.14,23.51,0.7606487167090406
14.14,27.31,0.7752099792135181
14.14,27.32,0.7833428333360837
14.14,32.30,0.846995916863412
14.19,13.92,0.8406859946843809
14.19,14.11,0.9216489933112431
14.19,14.12,0.9130853163043957
14.19,14.13,0.9207537913798993
14.19,14.14,0.9188232857764628
14.19,14.31,0.7730385003732025
14.19,14.39,0.9015462840974311
14.19,15.20,0.8634727721627924
14.19,32.30,0.8892353546772376
14.19,32.99,0.757683383002399
14.31,10.52,0.75825091908256
14.31,13.92,0.8088205574382094
14.31,14.12,0.8470159481906512
14.31,14.13,0.8552502455404584
14.31,14.14,0.8255645642796292
14.31,14.19,0.7730385003732025
14.31,14.39,0.7899355982626145
14.31,15.20,0.765529868474453
14.31,25.11,0.7670353070904625
14.31,25.12,0.7693232567599302
14.31,27.31,0.7795377342681961
14.31,27.32,0.7986598497566562
14.31,27.52,0.7620894801948688
14.31,31.01,0.8551765200373243
14.31,31.02,0.8551765200373243
14.31,31.03,0.8176979256373853
14.31,31.09,0.8432177923464282
14.31,32.30,0.7705304673260807
14.39,01.15,0.8243505241490139
14.39,01.22,0.761355215227624
14.39,01.26,0.7983507611228013
14.39,03.11,0.7611600192554016
14.39,03.12,0.7611600192554016
14.39,10.20,0.7517236484063601
14.39,10.39,0.8063407014011679
14.39,12.00,0.7746666525000859
14.39,13.92,0.7944297448888853
14.39,13.94,0.790124137430577
14.39,14.11,0.7899842318741033
14.39,14.12,0.9543280024197986
14.39,14.13,0.9556502483082835
14.39,14.14,0.9739459918576137
14.39,14.19,0.9015462840974311
14.39,14.31,0.7899355982626145
14.39,15.20,0.8095899882482878
14.39,17.21,0.7727782876150591
14.39,27.31,0.7789812421641754
14.39,27.32,0.7845413876718017
14.39,32.30,0.8212292495384212
15.11,01.15,0.7772043145824563
15.11,01.26,0.751541107773066
15.11,08.93,0.7785200166893482
15.11,10.39,0.7576199173035596
15.12,32.13,0.7642615741577585
15.12,32.99,0.7708188636468446
15.20,13.92,0.7912646387315231
15.20,14.11,0.8185733142766101
15.20,14.12,0.8288877468969773
15.20,14.13,0.8459878297422161
15.20,14.14,0.8314486093475542
15.20,14.19,0.8634727721627924
15.20,14.31,0.765529868474453
15.20,14.39,0.8095899882482878
15.20,32.30,0.9491666007976479
16.10,01.41,0.7658063540454514
16.10,01.42,0.7656524332230803
16.10,02.20,0.9774684589462905
16.10,16.21,0.8626945106530071
16.10,16.22,0.8182390628064933
16.10,16.23,0.7850328007761952
16.10,20.15,0.8117117738619619
16.10,23.61,0.7580984608715271
16.10,35.11,0.7671196494653278
16.21,01.41,0.7906256363478463
16.21,01.42,0.788480421147267
16.21,01.49,0.7560428349030505
16.21,01.50,0.753834518017156
16.21,02.20,0.8371866817696585
16.21,10.13,0.8173113056546328
16.21,10.42,0.7538100422120968
16.21,10.51,0.7573921337061631
16.21,10.86,0.7699496205595922
16.21,11.05,0.7500827760749829
16.21,11.07,0.7526407692594529
16.21,16.10,0.8626945106530071
16.21,16.22,0.8781781092077674
16.21,16.23,0.8151758784242088
16.21,20.15,0.7825635157447973
16.21,23.52,0.7646643113344486
16.21,23.61,0.7903721634509628
16.21,23.69,0.8378640267539685
16.21,25.11,0.8270725139066093
16.21,25.12,0.8259922204728121
16.21,27.33,0.8075762195275041
16.21,27.52,0.7503361446924064
16.21,31.01,0.7820327923777578
16.21,31.02,0.7820327923777578
16.21,31.09,0.7503560602493196
16.21,35.11,0.7624852650815921
16.22,01.41,0.7779003042309454
16.22,01.42,0.7758260552517178
16.22,02.20,0.7995423982718617
16.22,10.13,0.8069034231465956
16.22,10.42,0.7632633512037759
16.22,16.10,0.8182390628064933
16.22,16.21,0.8781781092077674
16.22,16.23,0.9187236174575955
16.22,17.21,0.7633689588959889
16.22,22.22,0.7671184197444225
16.22,23.61,0.8699280833555679
16.22,23.69,0.8667853128755423
16.22,24.33,0.8073727607060255
16.22,25.11,0.9116132609126216
16.22,25.12,0.9051766543715567
16.22,25.21,0.7738999764888834
16.22,25.92,0.761193098830478
16.22,27.31,0.7612054377040129
16.22,27.32,0.7746744621581938
16.22,27.33,0.8674407943883402
16.22,27.52,0.7835921311838643
16.22,29.20,0.7826592288199743
16.22,30.99,0.8201923703346229
16.22,31.01,0.8702404943569456
16.22,31.02,0.8702404943569456
16.22,31.09,0.8233010560845203
16.22,35.11,0.7729365930370844
16.23,01.41,0.772921821058673
16.23,01.42,0.7736735527427093
16.23,02.20,0.782978532644331
16.23,10.13,0.7838001374729124
16.23,10.42,0.7675892356927331
16.23,11.07,0.7528531675248431
16.23,16.10,0.7850328007761952
16.23,16.21,0.8151758784242088
16.23,16.22,0.9187236174575955
16.23,17.21,0.7946130437250147
16.23,22.21,0.7512605337382563
16.23,22.22,0.7691615702748769
16.23,23.61,0.9844267519659226
16.23,23.69,0.8501474286914532
16.23,24.33,0.8047741390958394
16.23,25.11,0.9347539016028392
16.23,25.12,0.8897900178215261
16.23,25.91,0.7763508537827799
16.23,25.92,0.750494325593266
16.23,27.31,0.7683282571328429
16.23,27.32,0.7860767073838972
16.23,27.33,0.8174730791066889
16.23,27.52,0.7500017756351265
16.23,29.20,0.7571335560700059
16.23,30.99,0.799705592712066
16.23,31.01,0.8111047964829741
16.23,31.02,0.8111047964829741
16.23,31.09,0.7679515766127496
16.23,35.11,0.7755436539289486
16.29,32.30,0.7563053432820087
17.12,17.29,0.7611568087595085
17.12,20.16,0.7772412577721273
17.12,23.91,0.7665636115625507
17.12,24.10,0.7578938706139366
17.12,24.32,0.8192748753304229
17.12,28.15,0.7606638212540684
17.12,28.30,0.7901528132225246
17.12,28.92,0.8025816463548657
17.21,01.26,0.8044114344111715
17.21,10.13,0.7504035768592738
17.21,10.39,0.7530409340736635
17.21,10.42,0.7602493900547435
17.21,10.52,0.7990092182394877
17.21,10.71,0.8497701001199577
17.21,10.72,0.8497701001199577
17.21,10.84,0.8169367033099231
17.21,11.05,0.8161878981205856
17.21,11.07,0.7969302585520945
17.21,12.00,0.7744933624333342
17.21,14.12,0.8188972844766496
17.21,14.13,0.7826139571313535
17.21,14.14,0.776383093789643
17.21,14.39,0.7727782876150591
17.21,16.22,0.7633689588959889
17.21,16.23,0.7946130437250147
17.21,20.41,0.7890758229263102
17.21,22.21,0.7666200262743146
17.21,22.22,0.8459337300678134
17.21,23.51,0.7518428505867378
17.21,23.61,0.8066104894624304
17.21,23.69,0.7972244134935234
17.21,25.11,0.8220236496138853
17.21,25.12,0.8112940644769249
17.21,25.29,0.7775266007298958
17.21,25.91,0.8400608772373539
17.21,25.92,0.7807099718782804
17.21,27.31,0.7705682209630047
17.21,27.32,0.7882550255823777
17.21,35.11,0.7725262361155598
17.21,58.19,0.7755015114228796
17.22,17.23,0.9010173098736476
17.22,17.29,0.847919950501109
17.23,17.22,0.9010173098736476
17.23,17.29,0.8137765705126808
17.29,17.12,0.7611568087595085
17.29,17.22,0.847919950501109
17.29,17.23,0.8137765705126808
18.13,20.59,0.7928473775352727
18.13,26.51,0.7614688003249354
18.13,28.12,0.7972641609976379
18.13,28.13,0.7676111611714476
18.13,28.14,0.7931739854736017
18.13,28.29,0.7737833951646593
18.13,28.41,0.8239893952837373
18.13,28.94,0.8095470694120975
18.13,28.95,0.7741535615125732
18.13,28.99,0.8494636253653308
19.10,24.10,0.7665018595150386
19.20,06.10,0.762265581037457
19.20,06.20,0.7886221879645967
19.20,20.15,0.8016313159208599
19.20,38.12,0.9798674563291483
20.12,20.59,0.7502647000411204
20.13,24.45,0.7857412542104553
20.13,24.46,0.9664884871206185
20.13,30.30,0.7652790345682479
20.14,20.16,0.8038737658246675
20.14,20.59,0.7868219955890197
20.15,01.49,0.759296846097747
20.15,01.50,0.7810374204617622
20.15,02.20,0.7923833220317422
20.15,08.93,0.7719288601257538
20.15,16.10,0.8117117738619619
20.15,16.21,0.7825635157447973
20.15,19.20,0.8016313159208599
20.15,38.12,0.7768956309476286
20.16,17.12,0.7772412577721273
20.16,20.14,0.8038737658246675
20.16,20.59,0.7745249343772491
20.16,24.32,0.7599279955724616
20.16,28.92,0.7559282474698561
20.17,20.59,0.7919315408912437
20.17,28.11,0.7570416099516827
20.17,28.13,0.7917106700361866
20.30,10.52,0.7824005333228212
20.30,10.86,0.7512869947837115
20.30,11.05,0.780774532916706
20.30,11.07,0.7532241243657598
20.30,20.41,0.8060453371121306
20.30,20.42,0.7723152281329123
20.30,22.21,0.8373063952600712
20.30,25.91,0.7580011865000227
20.30,25.92,0.7903788160342515
20.30,58.13,0.8042054496745823
20.30,58.14,0.8042054496745823
20.30,58.19,0.8582024609679233
20.41,01.24,0.7555136289190466
20.41,01.47,0.7535500322680886
20.41,10.13,0.7865324962107076
20.41,10.32,0.7656054645719415
20.41,10.39,0.7576155305377221
20.41,10.52,0.8695228120062353
20.41,10.61,0.8421625274772517
20.41,10.71,0.8091784841220104
20.41,10.72,0.8091784841220104
20.41,10.86,0.8004703700676544
20.41,10.89,0.7934325420212927
20.41,10.91,0.7894056945429013
20.41,10.92,0.7898129804516614
20.41,11.05,0.8288293559081458
20.41,11.07,0.8197091412970624
20.41,17.21,0.7890758229263102
20.41,20.30,0.8060453371121306
20.41,22.21,0.8579644502294166
20.41,22.22,0.7924189461465165
20.41,23.32,0.774099054122037
20.41,23.69,0.7604612409541451
20.41,24.33,0.7637103588817419
20.41,25.11,0.7882617476690117
20.41,25.12,0.787365818236335
20.41,25.29,0.8125569651944311
20.41,25.91,0.8232643742681597
20.41,25.92,0.8795213359017798
20.41,58.11,0.7855158918719005
20.41,58.13,0.7786642333340958
20.41,58.14,0.7786642333340958
20.41,58.19,0.8289516959552554
20.42,20.30,0.7723152281329123
20.52,01.43,0.7673558817675763
20.52,10.62,0.7981434970199219
20.52,20.59,0.7766237125559547
20.52,28.22,0.757063657062182
20.52,28.30,0.768162118469803
20.59,01.43,0.7767015911441998
20.59,18.13,0.7928473775352727
20.59,20.12,0.7502647000411204
20.59,20.14,0.7868219955890197
20.59,20.16,0.7745249343772491
20.59,20.17,0.7919315408912437
20.59,20.52,0.7766237125559547
20.59,24.45,0.8214795894016815
20.59,26.20,0.7500817113373919
20.59,26.51,0.8178466540019014
20.59,26.60,0.8400524481949192
20.59,26.80,0.7500817113373919
20.59,28.11,0.7658637879055753
20.59,28.22,0.8847236659246863
20.59,28.29,0.7568275998711225
20.59,28.30,0.7814674158270672
20.59,28.99,0.7620501021090664
20.59,30.30,0.7603030903464166
20.59,58.29,0.7500817113373919
20.59,59.11,0.7501175027789451
20.59,59.20,0.7504591916591188
20.60,13.20,0.7555515368390442
21.10,21.20,0.9961839600159061
21.10,26.60,0.7534556523136022
21.20,21.10,0.9961839600159061
22.11,27.33,0.7547060604579847
22.11,27.51,0.7681280126232344
22.19,23.12,0.7621789862329846
22.19,23.20,0.7733321423187481
22.19,23.43,0.758238897326453
22.19,23.91,0.7677729630957078
22.19,24.20,0.7733694639958766
22.19,25.21,0.750871870327548
22.19,25.72,0.7925217364622711
22.19,25.93,0.7587070758023927
22.19,27.11,0.778201291876647
22.19,27.40,0.7551669342659391
22.19,27.51,0.811110134836559
22.19,28.13,0.8144464692092269
22.19,28.15,0.8115425688966259
22.19,28.25,0.824849847879801
22.19,29.10,0.8008448699957703
22.19,29.31,0.8008606556383971
22.19,29.32,0.9152221016965656
22.19,30.20,0.7614188659547065
22.19,30.92,0.8172866407231767
22.21,10.13,0.7514421289920027
22.21,10.52,0.8118330522071158
22.21,10.61,0.7688426641966861
22.21,10.71,0.7739304515832578
22.21,10.72,0.7739304515832578
22.21,11.05,0.764765793881713
22.21,11.07,0.7713225158164909
22.21,16.23,0.7512605337382563
22.21,17.21,0.7666200262743146
22.21,20.30,0.8373063952600712
22.21,20.41,0.8579644502294166
22.21,22.22,0.7847203087746398
22.21,23.61,0.765380547305982
22.21,23.69,0.8071415297451092
22.21,24.33,0.809060693891195
22.21,25.11,0.8278922660558403
22.21,25.12,0.8326784735163545
22.21,25.29,0.804508314158757
22.21,25.91,0.8147103739993895
22.21,25.92,0.8179239547038522
22.21,27.33,0.7515958696587923
22.21,37.00,0.7528010217368268
22.21,58.11,0.7532938221578744
22.21,58.13,0.7683965845421227
22.21,58.14,0.7683965845421227
22.21,58.19,0.8095849028368081
22.22,01.26,0.8021377115947035
22.22,01.41,0.7676122474933884
22.22,01.42,0.7643737729514608
22.22,10.13,0.7954088177176766
22.22,10.32,0.761756114960002
22.22,10.39,0.7693334468950546
22.22,10.52,0.8161675279705807
22.22,10.61,0.752753209195287
22.22,10.71,0.8564302520672071
22.22,10.72,0.8564302520672071
22.22,10.84,0.7875302834853034
22.22,10.86,0.7526970754492072
22.22,10.92,0.7541332643227474
22.22,11.05,0.8205688885666489
22.22,11.07,0.8016775414536657
22.22,12.00,0.7603374825667488
22.22,14.12,0.7563609702413816
22.22,16.22,0.7671184197444225
22.22,16.23,0.7691615702748769
22.22,17.21,0.8459337300678134
22.22,20.41,0.7924189461465165
22.22,22.21,0.7847203087746398
22.22,23.52,0.7866347502884359
22.22,23.61,0.7872019936869572
22.22,23.69,0.8040724719339395
22.22,25.11,0.7843484127148759
22.22,25.12,0.7763773775765141
22.22,25.29,0.7572279320354198
22.22,25.91,0.8218071959222721
22.22,25.92,0.7695456353945137
22.22,27.32,0.7515542650083415
22.22,35.11,0.7555309280075386
22.22,58.19,0.7710707614975574
22.23,24.33,0.7611531447215354
22.23,25.11,0.7852022047771863
22.23,25.12,0.7922736284616891
22.23,27.33,0.8378373540607549
22.23,27.51,0.7947631129833719
22.23,28.25,0.7692895429079911
22.23,31.01,0.7703163633972134
22.23,31.02,0.7703163633972134
22.23,31.03,0.7530468730451494
22.23,31.09,0.7520016012129527
22.29,23.19,0.7860007774947212
22.29,27.40,0.85985914044644
23.12,22.19,0.7621789862329846
23.12,23.20,0.8120576835589765
23.12,25.72,0.7837876084546513
23.12,25.93,0.7971303364845194
23.12,27.40,0.8364634001692104
23.12,27.51,0.7961824882523729
23.12,27.52,0.7527372696114165
23.12,28.15,0.7536366177265483
23.12,28.25,0.7728774229836816
23.12,29.20,0.7617033466466312
23.12,29.31,0.7661434961567659
23.12,29.32,0.8030845635036445
23.12,30.92,0.770029758278669
23.13,23.19,0.7957432529228435
23.13,24.33,0.7515570837599548
23.13,27.33,0.7565135415819113
23.13,27.52,0.7635749388294788
23.14,29.20,0.7637370512554187
23.14,30.99,0.7575229175664868
23.19,22.29,0.7860007774947212
23.19,23.13,0.7957432529228435
23.19,27.40,0.7735849670832854
23.19,29.20,0.7656663528067016
23.19,30.99,0.7642659026885613
23.20,22.19,0.7733321423187481
23.20,23.12,0.8120576835589765
23.20,23.91,0.7506702270912642
23.20,24.20,0.7528562101350343
23.20,24.31,0.7900130554117073
23.20,24.32,0.7602228600130949
23.20,24.51,0.7794517715515752
23.20,25.72,0.7918567644598454
23.20,25.94,0.7996008351010594
23.20,27.40,0.7875470266174176
23.20,27.51,0.7587553580920726
23.20,28.13,0.7627192735243402
23.20,28.15,0.8285052926144942
23.20,28.21,0.7504034313510244
23.20,29.32,0.8195209708580673
23.20,30.20,0.848050340045091
23.20,30.92,0.7858820592447608
23.32,10.13,0.7673632553834292
23.32,10.52,0.7837555591053069
23.32,20.41,0.774099054122037
23.32,24.33,0.7788980882675837
23.32,25.11,0.758390616749466
23.32,25.12,0.7646055651179834
23.32,25.21,0.7623021912079904
23.32,25.92,0.794714206432995
23.32,28.93,0.7664950410832958
23.32,58.13,0.8212983270637995
23.32,58.14,0.8212983270637995
23.32,58.19,0.7663298044070386
23.42,24.33,0.7567282715365946
23.42,25.11,0.800747174373824
23.42,25.12,0.8062140213333222
23.42,27.31,0.8548270154699807
23.42,27.32,0.858160598255922
23.42,27.52,0.7579862233813957
23.42,27.90,0.7741361796924766
23.42,29.31,0.8014726303416352
23.42,31.01,0.7712027321129382
23.42,31.02,0.7712027321129382
23.42,31.09,0.7723415646962772
23.43,22.19,0.758238897326453
23.43,23.91,0.8236429164689443
23.43,25.72,0.7685124400779055
23.43,25.94,0.761371478407151
23.43,27.11,0.7668277547482207
23.43,27.33,0.7871293938436036
23.43,27.40,0.8067941885722854
23.43,27.51,0.8037812177525909
23.43,28.13,0.7900750388942881
23.43,28.15,0.807273136834219
23.43,28.25,0.7996986208741146
23.43,28.91,0.7564054253616695
23.43,29.32,0.8135124684934429
23.43,30.92,0.8372661955766019
23.44,28.29,0.7553952862308375
23.44,28.49,0.7692842138893605
23.49,28.23,0.7944352656023539
23.51,01.15,0.7658259955640794
23.51,01.26,0.8061196868708986
23.51,01.49,0.753053343139847
23.51,08.93,0.8101042046418558
23.51,10.39,0.7614667450706036
23.51,10.71,0.7539241354722943
23.51,10.72,0.7539241354722943
23.51,10.81,0.7742170984270932
23.51,10.84,0.7812210384470203
23.51,11.07,0.7654878393156758
23.51,12.00,0.7761161609953535
23.51,14.12,0.7804716144015068
23.51,14.13,0.752188822324444
23.51,14.14,0.7606487167090406
23.51,17.21,0.7518428505867378
23.51,23.52,0.7626991950261988
23.51,35.11,0.7681110723181398
23.52,01.15,0.7525883549501361
23.52,01.26,0.7732174727322176
23.52,01.49,0.7651436589528882
23.52,08.11,0.7899809115982488
23.52,08.12,0.7690156933812579
23.52,10.39,0.7888480302537784
23.52,10.42,0.7650683169649539
23.52,10.52,0.756019723736215
23.52,10.61,0.7932289278436555
23.52,10.71,0.7988692022262505
23.52,10.72,0.7988692022262505
23.52,10.81,0.7592757710576046
23.52,10.84,0.7760909947539496
23.52,10.86,0.7519357620959187
23.52,11.05,0.7595333891170092
23.52,11.07,0.7661998441019549
23.52,12.00,0.791389535003214
23.52,16.21,0.7646643113344486
23.52,22.22,0.7866347502884359
23.52,23.51,0.7626991950261988
23.52,23.69,0.7608433107744785
23.52,25.11,0.7504491110733946
23.52,25.91,0.7765463446465801
23.52,25.92,0.757139275898107
23.52,38.11,0.7902180436815742
23.61,01.41,0.759510225393992
23.61,01.42,0.7600572663162306
23.61,01.49,0.7576550744710167
23.61,02.20,0.7610827751609922
23.61,10.13,0.7813382742795401
23.61,10.42,0.753340495272443
23.61,10.52,0.7569877282777768
23.61,10.71,0.7519087828138393
23.61,10.72,0.7519087828138393
23.61,11.07,0.7622325974685138
23.61,16.10,0.7580984608715271
23.61,16.21,0.7903721634509628
23.61,16.22,0.8699280833555679
23.61,16.23,0.9844267519659226
23.61,17.21,0.8066104894624304
23.61,22.21,0.765380547305982
23.61,22.22,0.7872019936869572
23.61,23.69,0.8833195679915529
23.61,24.33,0.8009443588770528
23.61,25.11,0.9306005891286795
23.61,25.12,0.8837766737420324
23.61,25.91,0.8057421583120443
23.61,25.92,0.7573386889736927
23.61,27.31,0.767722187483648
23.61,27.32,0.7866176760858608
23.61,27.33,0.8051634130021976
23.61,30.99,0.7867833723701897
23.61,31.01,0.7831544586822635
23.61,31.02,0.7831544586822635
23.61,35.11,0.7813330334453584
23.62,23.69,0.8294199368971273
23.65,23.69,0.7758899208380687
23.65,24.33,0.7641658651704227
23.65,25.11,0.7747471790751821
23.65,25.12,0.7873918782506362
23.69,01.47,0.8003215908117931
23.69,01.49,0.8007396402127819
23.69,10.13,0.815499860750527
23.69,10.42,0.7588704269238713
23.69,10.52,0.8083509312513427
23.69,10.61,0.761119407662899
23.69,10.71,0.7784479894331748
23.69,10.72,0.7784479894331748
23.69,10.86,0.7748267902532144
23.69,10.89,0.7618395481247866
23.69,11.05,0.7650142473400443
23.69,11.07,0.7697069476858227
23.69,16.21,0.8378640267539685
23.69,16.22,0.8667853128755423
23.69,16.23,0.8501474286914532
23.69,17.21,0.7972244134935234
23.69,20.41,0.7604612409541451
23.69,22.21,0.8071415297451092
23.69,22.22,0.8040724719339395
23.69,23.52,0.7608433107744785
23.69,23.61,0.8833195679915529
23.69,23.62,0.8294199368971273
23.69,23.65,0.7758899208380687
23.69,24.33,0.8200098421819737
23.69,25.11,0.9029001791981035
23.69,25.12,0.9020114274672434
23.69,25.91,0.8410259718752854
23.69,25.92,0.8012073527108345
23.69,27.31,0.7648583168756475
23.69,27.32,0.7833229173828701
23.69,27.33,0.8320177180261743
23.69,27.52,0.774618614465408
23.69,29.31,0.7556564525762994
23.69,30.99,0.7919842014160243
23.69,31.01,0.7924275930268214
23.69,31.02,0.7924275930268214
23.69,35.11,0.79080495984996
23.69,58.13,0.7571403098845539
23.69,58.14,0.7571403098845539
23.70,08.11,0.7708704200108683
23.70,13.92,0.7503905743368816
23.91,17.12,0.7665636115625507
23.91,22.19,0.7677729630957078
23.91,23.20,0.7506702270912642
23.91,23.43,0.8236429164689443
23.91,24.31,0.7653636967613381
23.91,24.32,0.8044224550282201
23.91,24.52,0.7719415204081631
23.91,25.73,0.8538151079553932
23.91,25.93,0.7592057973412775
23.91,25.94,0.8299122106555641
23.91,27.40,0.7751312938496763
23.91,27.51,0.7691856613326405
23.91,28.11,0.8113174306062827
23.91,28.12,0.8499735161565705
23.91,28.13,0.8094521120342322
23.91,28.14,0.8507685673426918
23.91,28.15,0.8191312093150593
23.91,28.21,0.8213535440773156
23.91,28.41,0.7513087026741709
23.91,28.91,0.7567936208245966
23.91,28.94,0.776703269906819
23.91,28.95,0.7603641136361163
23.91,28.99,0.8121902652003938
23.91,29.10,0.7859123347375448
23.91,29.32,0.8657263641227191
23.91,30.20,0.7604526735494002
23.91,30.92,0.7871896859635626
24.10,17.12,0.7578938706139366
24.10,19.10,0.7665018595150386
24.10,24.32,0.8663816852044537
24.20,22.19,0.7733694639958766
24.20,23.20,0.7528562101350343
24.20,24.31,0.7692149478264405
24.20,25.94,0.7599965728591249
24.20,28.15,0.7878547855126146
24.20,28.91,0.7908728304701982
24.20,29.32,0.777857578098232
24.20,30.92,0.7548643703253379
24.31,23.20,0.7900130554117073
24.31,23.91,0.7653636967613381
24.31,24.20,0.7692149478264405
24.31,24.32,0.7898621386328835
24.31,24.33,0.8214378346230422
24.31,28.21,0.7880275974706568
24.31,28.91,0.7791474292154312
24.31,29.32,0.7720281571602157
24.31,30.20,0.7973508122285242
24.32,17.12,0.8192748753304229
24.32,20.16,0.7599279955724616
24.32,23.20,0.7602228600130949
24.32,23.91,0.8044224550282201
24.32,24.10,0.8663816852044537
24.32,24.31,0.7898621386328835
24.32,25.94,0.7643396689761566
24.32,27.40,0.7567604607214111
24.32,28.13,0.7633523162402962
24.32,28.15,0.8462690813896341
24.32,28.21,0.7611495547725836
24.32,28.22,0.7901421872476044
24.32,28.91,0.7846028193620879
24.32,28.94,0.7983400274635662
24.32,28.95,0.7716769700116746
24.32,29.32,0.7743733109607578
24.33,10.52,0.7781895632892029
24.33,16.22,0.8073727607060255
24.33,16.23,0.8047741390958394
24.33,20.41,0.7637103588817419
24.33,22.21,0.809060693891195
24.33,22.23,0.7611531447215354
24.33,23.13,0.7515570837599548
24.33,23.32,0.7788980882675837
24.33,23.42,0.7567282715365946
24.33,23.61,0.8009443588770528
24.33,23.65,0.7641658651704227
24.33,23.69,0.8200098421819737
24.33,24.31,0.8214378346230422
24.33,25.11,0.914295411372612
24.33,25.12,0.9247059996890422
24.33,25.21,0.7535860206833557
24.33,25.29,0.7623742358983423
24.33,25.91,0.8254772059209754
24.33,25.92,0.7956491073653966
24.33,27.32,0.75780266113988
24.33,27.33,0.8282402941280552
24.33,27.52,0.7758197877032511
24.33,29.31,0.7810673945805052
24.33,31.01,0.7741880176443494
24.33,31.02,0.7741880176443494
24.33,58.13,0.7629877623202473
24.33,58.14,0.7629877623202473
24.41,01.22,0.784562140541508
24.41,01.27,0.768867396248547
24.41,10.83,0.7718555837725313
24.43,08.91,0.7663391299139473
24.45,20.13,0.7857412542104553
24.45,20.59,0.8214795894016815
24.45,24.46,0.7865156904274218
24.45,28.11,0.7520486995556004
24.45,28.22,0.7814754806922424
24.45,30.30,0.8366614659515272
24.45,38.32,0.7702421759876915
24.45,74.20,0.7609782756221029
24.45,90.03,0.816489709939875
24.46,20.13,0.9664884871206185
24.46,24.45,0.7865156904274218
24.51,23.20,0.7794517715515752
24.51,24.52,0.9326545484887547
24.51,25.94,0.7935471339597961
24.52,23.91,0.7719415204081631
24.52,24.51,0.9326545484887547
24.52,25.94,0.7782634076848796
24.52,28.12,0.7873141650831207
24.52,28.14,0.7818551592404537
24.52,28.99,0.7687047870887281
25.11,10.13,0.8106216030549418
25.11,10.42,0.7780661867717376
25.11,10.52,0.803170144185002
25.11,10.71,0.7651795876734512
25.11,10.72,0.7651795876734512
25.11,11.05,0.7598494846343709
25.11,11.07,0.7812013576852176
25.11,14.31,0.7670353070904625
25.11,16.21,0.8270725139066093
25.11,16.22,0.9116132609126216
25.11,16.23,0.9347539016028392
25.11,17.21,0.8220236496138853
25.11,20.41,0.7882617476690117
25.11,22.21,0.8278922660558403
25.11,22.22,0.7843484127148759
25.11,22.23,0.7852022047771863
25.11,23.32,0.758390616749466
25.11,23.42,0.800747174373824
25.11,23.52,0.7504491110733946
25.11,23.61,0.9306005891286795
25.11,23.65,0.7747471790751821
25.11,23.69,0.9029001791981035
25.11,24.33,0.914295411372612
25.11,25.12,0.9925164428093236
25.11,25.21,0.7556550899524015
25.11,25.29,0.7592658843229111
25.11,25.91,0.8490230906762286
25.11,25.92,0.8204262631018742
25.11,27.31,0.8162711204846532
25.11,27.32,0.8316284658013098
25.11,27.33,0.8749546431447119
25.11,27.52,0.818114136169705
25.11,27.90,0.7634734000244418
25.11,29.20,0.753247829648989
25.11,29.31,0.8005010780201944
25.11,30.99,0.8212760672926136
25.11,31.01,0.8512052386111998
25.11,31.02,0.8512052386111998
25.11,31.09,0.8091845423975202
25.11,35.11,0.8037693682312943
25.11,58.13,0.7867423157063409
25.11,58.14,0.7867423157063409
25.11,58.19,0.751786349040618
25.12,10.13,0.8080594327920942
25.12,10.42,0.768867063004142
25.12,10.52,0.8075421931277105
25.12,10.71,0.7596143510184878
25.12,10.72,0.7596143510184878
25.12,11.05,0.7594564664279075
25.12,11.07,0.7761801533440481
25.12,14.31,0.7693232567599302
25.12,16.21,0.8259922204728121
25.12,16.22,0.9051766543715567
25.12,16.23,0.8897900178215261
25.12,17.21,0.8112940644769249
25.12,20.41,0.787365818236335
25.12,22.21,0.8326784735163545
25.12,22.22,0.7763773775765141
25.12,22.23,0.7922736284616891
25.12,23.32,0.7646055651179834
25.12,23.42,0.8062140213333222
25.12,23.61,0.8837766737420324
25.12,23.65,0.7873918782506362
25.12,23.69,0.9020114274672434
25.12,24.33,0.9247059996890422
25.12,25.11,0.9925164428093236
25.12,25.21,0.7653527096176813
25.12,25.29,0.7521072784855264
25.12,25.91,0.8487210790270582
25.12,25.92,0.8261497701221625
25.12,27.31,0.8142419666801741
25.12,27.32,0.8277870030219865
25.12,27.33,0.881148070641706
25.12,27.52,0.8267959175671877
25.12,27.90,0.7667483403303421
25.12,29.31,0.8095950898757951
25.12,30.99,0.8166338784110505
25.12,31.01,0.8554520078548531
25.12,31.02,0.8554520078548531
25.12,31.09,0.8148388962436355
25.12,35.11,0.7981060791057544
25.12,58.13,0.7917957093469283
25.12,58.14,0.7917957093469283
25.21,01.47,0.7595255467668894
25.21,16.22,0.7738999764888834
25.21,22.19,0.750871870327548
25.21,23.32,0.7623021912079904
25.21,24.33,0.7535860206833557
25.21,25.11,0.7556550899524015
25.21,25.12,0.7653527096176813
25.21,25.72,0.8449018758605422
25.21,25.92,0.7535616212180585
25.21,27.33,0.8572921667427679
25.21,27.51,0.823403282536093
25.21,27.52,0.8532631459977005
25.21,28.13,0.7626142683927584
25.21,28.15,0.7612321698234321
25.21,28.21,0.8089084602255305
25.21,28.25,0.7970372655175877
25.21,28.93,0.8319723855329696
25.21,29.20,0.8038173895757926
25.21,29.32,0.7704628329830819
25.21,30.20,0.8349331377138263
25.21,30.99,0.798305854575876
25.21,31.01,0.8359495965076633
25.21,31.02,0.8359495965076633
25.21,31.09,0.8303990567271653
25.21,58.13,0.8126798041826075
25.21,58.14,0.8126798041826075
25.29,17.21,0.7775266007298958
25.29,20.41,0.8125569651944311
25.29,22.21,0.804508314158757
25.29,22.22,0.7572279320354198
25.29,24.33,0.7623742358983423
25.29,25.11,0.7592658843229111
25.29,25.12,0.7521072784855264
25.29,25.91,0.8082473213532688
25.29,25.92,0.7748038860576931
25.40,25.73,0.8013189134692871
25.72,22.19,0.7925217364622711
25.72,23.12,0.7837876084546513
25.72,23.20,0.7918567644598454
25.72,23.43,0.7685124400779055
25.72,25.21,0.8449018758605422
25.72,25.93,0.8089894150101992
25.72,27.11,0.778657223094941
25.72,27.33,0.810087365572508
25.72,27.40,0.7880464333706071
25.72,27.51,0.8454150014273973
25.72,27.52,0.8262721112371071
25.72,28.13,0.7539087724038293
25.72,28.15,0.7716130281087155
25.72,28.21,0.7730580057773179
25.72,28.25,0.8144562869320886
25.72,28.91,0.758720680735846
25.72,29.31,0.7962064136637637
25.72,29.32,0.8494362464877154
25.72,30.20,0.7730640948501613
25.72,30.92,0.8247569088131912
25.72,31.01,0.833126910081678
25.72,31.02,0.833126910081678
25.72,31.09,0.836365735450357
25.73,23.91,0.8538151079553932
25.73,25.40,0.8013189134692871
25.73,25.94,0.8162258735835974
25.73,28.12,0.7799793824548406
25.73,28.14,0.8039214099533302
25.73,28.21,0.8078237608648355
25.73,28.41,0.7909195813927596
25.73,28.91,0.7520493718643078
25.73,28.95,0.758911263283021
25.73,28.99,0.7933213105342467
25.91,01.47,0.7764750562933067
25.91,01.49,0.767079537044109
25.91,10.13,0.7965305888830192
25.91,10.42,0.7683677431310667
25.91,10.52,0.8177601270916626
25.91,10.61,0.7613793185865021
25.91,10.71,0.8382262230760678
25.91,10.72,0.8382262230760678
25.91,10.84,0.8170955517360878
25.91,10.91,0.7638240950890915
25.91,10.92,0.7665123537924308
25.91,11.05,0.805089657699797
25.91,11.07,0.7802974680879621
25.91,16.23,0.7763508537827799
25.91,17.21,0.8400608772373539
25.91,20.30,0.7580011865000227
25.91,20.41,0.8232643742681597
25.91,22.21,0.8147103739993895
25.91,22.22,0.8218071959222721
25.91,23.52,0.7765463446465801
25.91,23.61,0.8057421583120443
25.91,23.69,0.8410259718752854
25.91,24.33,0.8254772059209754
25.91,25.11,0.8490230906762286
25.91,25.12,0.8487210790270582
25.91,25.29,0.8082473213532688
25.91,25.92,0.883489946229578
25.91,27.31,0.7604965390464711
25.91,27.32,0.7753784349365702
25.91,27.33,0.7683871572887497
25.91,35.11,0.7610910092558323
25.91,58.19,0.7965897067893436
25.92,01.41,0.7526619897328708
25.92,01.42,0.7526675294013214
25.92,01.47,0.8009306072442652
25.92,10.13,0.7993869575995344
25.92,10.52,0.8295182013270167
25.92,10.61,0.7957128569256305
25.92,10.71,0.8006648215368919
25.92,10.72,0.8006648215368919
25.92,10.86,0.7938427722198211
25.92,10.89,0.7851675953196648
25.92,10.91,0.8200549401124229
25.92,10.92,0.8227116293515502
25.92,11.05,0.8274914530329076
25.92,11.07,0.7871041093199376
25.92,16.22,0.761193098830478
25.92,16.23,0.750494325593266
25.92,17.21,0.7807099718782804
25.92,20.30,0.7903788160342515
25.92,20.41,0.8795213359017798
25.92,22.21,0.8179239547038522
25.92,22.22,0.7695456353945137
25.92,23.32,0.794714206432995
25.92,23.52,0.757139275898107
25.92,23.61,0.7573386889736927
25.92,23.69,0.8012073527108345
25.92,24.33,0.7956491073653966
25.92,25.11,0.8204262631018742
25.92,25.12,0.8261497701221625
25.92,25.21,0.7535616212180585
25.92,25.29,0.7748038860576931
25.92,25.91,0.883489946229578
25.92,27.31,0.7718899340138572
25.92,27.32,0.7923829009777847
25.92,27.33,0.7835613393317943
25.92,28.93,0.7536413761954723
25.92,29.31,0.7877025483119705
25.92,30.99,0.7620348183289242
25.92,35.11,0.7795164747938887
25.92,58.13,0.8016028479977761
25.92,58.14,0.8016028479977761
25.92,58.19,0.8498462351916295
25.93,13.96,0.7536338864872583
25.93,22.19,0.7587070758023927
25.93,23.12,0.7971303364845194
25.93,23.91,0.7592057973412775
25.93,25.72,0.8089894150101992
25.93,27.11,0.7517468059764765
25.93,27.40,0.7630903095817569
25.93,27.51,0.7706402909228074
25.93,28.21,0.7512921163944446
25.93,29.31,0.7683413874961964
25.93,29.32,0.8268641137100217
25.93,30.92,0.8016497751372441
25.94,23.20,0.7996008351010594
25.94,23.43,0.761371478407151
25.94,23.91,0.8299122106555641
25.94,24.20,0.7599965728591249
25.94,24.32,0.7643396689761566
25.94,24.51,0.7935471339597961
25.94,24.52,0.7782634076848796
25.94,25.73,0.8162258735835974
25.94,28.12,0.7736143329591336
25.94,28.13,0.7892053549536959
25.94,28.14,0.7953265725701582
25.94,28.15,0.8369650787849805
25.94,28.91,0.7999714072534676
25.94,28.94,0.8024389505750307
25.94,29.32,0.7673215522529515
25.94,30.20,0.7773598441171989
25.94,30.92,0.7860575118632374
25.99,13.20,0.7810356501611749
25.99,13.91,0.7583694874733198
26.12,26.20,0.9827885657878713
26.12,26.30,0.7793091371788585
26.12,26.40,0.7861598542988846
26.12,26.51,0.7553340977184813
26.12,26.70,0.8513435424858822
26.12,26.80,0.9827885657878714
26.12,28.49,0.7981208200713474
26.12,32.50,0.7639040273044999
26.12,58.29,0.9827885657878714
26.12,59.11,0.9827864370009023
26.12,59.20,0.9827387507612231
26.20,20.59,0.7500817113373919
26.20,26.12,0.9827885657878713
26.20,26.51,0.7629446170210678
26.20,26.70,0.784166173060419
26.20,26.80,1.0
26.20,58.29,1.0
26.20,59.11,0.9999999451335241
26.20,59.20,0.999999353395649
26.30,26.12,0.7793091371788585
26.30,26.40,0.9993189211206444
26.30,26.70,0.9614117167505477
26.30,28.49,0.7635686328068303
26.40,26.12,0.7861598542988846
26.40,26.30,0.9993189211206444
26.40,26.70,0.965257836206874
26.40,28.49,0.771521670239175
26.51,18.13,0.7614688003249354
26.51,20.59,0.8178466540019014
26.51,26.12,0.7553340977184813
26.51,26.20,0.7629446170210678
26.51,26.60,0.7900931472594364
26.51,26.80,0.7629446170210679
26.51,28.11,0.8056390382785891
26.51,28.12,0.8730807944979554
26.51,28.13,0.7910129930349524
26.51,28.14,0.8298754198646202
26.51,28.22,0.7991651355843182
26.51,28.29,0.8026078525543068
26.51,28.99,0.8368551304108193
26.51,58.29,0.7629446170210679
26.51,59.11,0.7629960434448639
26.51,59.20,0.7631707256841014
26.52,32.12,0.7613147145745767
26.52,90.03,0.790554665227537
26.60,20.59,0.8400524481949192
26.60,21.10,0.7534556523136022
26.60,26.51,0.7900931472594364
26.60,28.22,0.776881794421331
26.60,28.29,0.7517717393177081
26.60,32.50,0.7906675940409629
26.70,26.12,0.8513435424858822
26.70,26.20,0.784166173060419
26.70,26.30,0.9614117167505477
26.70,26.40,0.965257836206874
26.70,26.80,0.7841661730604191
26.70,28.49,0.8452140710841428
26.70,32.50,0.7549883331139784
26.70,58.29,0.7841661730604191
26.70,59.11,0.7841307796025898
26.70,59.20,0.7840711578807247
26.80,20.59,0.7500817113373919
26.80,26.12,0.9827885657878714
26.80,26.20,1.0
26.80,26.51,0.7629446170210679
26.80,26.70,0.7841661730604191
26.80,58.29,1.0
26.80,59.11,0.9999999451335242
26.80,59.20,0.9999993533956493
27.11,22.19,0.778201291876647
27.11,23.43,0.7668277547482207
27.11,25.72,0.778657223094941
27.11,25.93,0.7517468059764765
27.11,27.40,0.7500584859116841
27.11,27.51,0.7691812575168735
27.11,28.12,0.7707149402009019
27.11,28.13,0.786147602915503
27.11,28.14,0.7870686190671241
27.11,28.15,0.7621789733000355
27.11,28.25,0.7945103480043545
27.11,29.31,0.7709336532626567
27.11,29.32,0.7655807777598517
27.11,30.92,0.7597358768128183
27.31,14.12,0.7979699742970969
27.31,14.13,0.7793058431228104
27.31,14.14,0.7752099792135181
27.31,14.31,0.7795377342681961
27.31,14.39,0.7789812421641754
27.31,16.22,0.7612054377040129
27.31,16.23,0.7683282571328429
27.31,17.21,0.7705682209630047
27.31,23.42,0.8548270154699807
27.31,23.61,0.767722187483648
27.31,23.69,0.7648583168756475
27.31,25.11,0.8162711204846532
27.31,25.12,0.8142419666801741
27.31,25.91,0.7604965390464711
27.31,25.92,0.7718899340138572
27.31,27.32,0.993955710118881
27.31,27.52,0.7588955976031737
27.31,27.90,0.9274932483210816
27.31,29.31,0.8983880350819134
27.31,31.01,0.7940153940184074
27.31,31.02,0.7940153940184074
27.31,31.09,0.7829019071778583
27.32,10.71,0.76842980638644
27.32,10.72,0.76842980638644
27.32,14.12,0.8092328623267682
27.32,14.13,0.7885225645767411
27.32,14.14,0.7833428333360837
27.32,14.31,0.7986598497566562
27.32,14.39,0.7845413876718017
27.32,16.22,0.7746744621581938
27.32,16.23,0.7860767073838972
27.32,17.21,0.7882550255823777
27.32,22.22,0.7515542650083415
27.32,23.42,0.858160598255922
27.32,23.61,0.7866176760858608
27.32,23.69,0.7833229173828701
27.32,24.33,0.75780266113988
27.32,25.11,0.8316284658013098
27.32,25.12,0.8277870030219865
27.32,25.91,0.7753784349365702
27.32,25.92,0.7923829009777847
27.32,27.31,0.993955710118881
27.32,27.33,0.7505174375000561
27.32,27.52,0.7810997978875454
27.32,27.90,0.9083502942192563
27.32,29.31,0.8894534022297822
27.32,31.01,0.807144720483429
27.32,31.02,0.807144720483429
27.32,31.09,0.7940352357053927
27.33,01.47,0.77799779710294
27.33,10.13,0.7638147056750996
27.33,16.21,0.8075762195275041
27.33,16.22,0.8674407943883402
27.33,16.23,0.8174730791066889
27.33,22.11,0.7547060604579847
27.33,22.21,0.7515958696587923
27.33,22.23,0.8378373540607549
27.33,23.13,0.7565135415819113
27.33,23.43,0.7871293938436036
27.33,23.61,0.8051634130021976
27.33,23.69,0.8320177180261743
27.33,24.33,0.8282402941280552
27.33,25.11,0.8749546431447119
27.33,25.12,0.881148070641706
27.33,25.21,0.8572921667427679
27.33,25.72,0.810087365572508
27.33,25.91,0.7683871572887497
27.33,25.92,0.7835613393317943
27.33,27.32,0.7505174375000561
27.33,27.51,0.8394611302178392
27.33,27.52,0.8425902531870999
27.33,27.90,0.7643269213320699
27.33,28.25,0.8325606247538178
27.33,29.20,0.8061951269496613
27.33,29.31,0.8140834244219237
27.33,29.32,0.7906634329486089
27.33,30.99,0.8091284515115248
27.33,31.01,0.8617448712140527
27.33,31.02,0.8617448712140527
27.33,31.09,0.8393272271616941
27.33,35.11,0.7612559315869214
27.33,58.13,0.7627396788424825
27.33,58.14,0.7627396788424825
27.33,58.19,0.7577937801834658
27.40,22.19,0.7551669342659391
27.40,22.29,0.85985914044644
27.40,23.12,0.8364634001692104
27.40,23.19,0.7735849670832854
27.40,23.20,0.7875470266174176
27.40,23.43,0.8067941885722854
27.40,23.91,0.7751312938496763
27.40,24.32,0.7567604607214111
27.40,25.72,0.7880464333706071
27.40,25.93,0.7630903095817569
27.40,27.11,0.7500584859116841
27.40,27.51,0.8305980254147476
27.40,28.13,0.7852756171612889
27.40,28.14,0.7667870151901086
27.40,28.15,0.8679369257836234
27.40,28.25,0.8309359523236619
27.40,29.32,0.8132982406911408
27.40,30.92,0.8967261901553482
27.51,22.11,0.7681280126232344
27.51,22.19,0.811110134836559
27.51,22.23,0.7947631129833719
27.51,23.12,0.7961824882523729
27.51,23.20,0.7587553580920726
27.51,23.43,0.8037812177525909
27.51,23.91,0.7691856613326405
27.51,25.21,0.823403282536093
27.51,25.72,0.8454150014273973
27.51,25.93,0.7706402909228074
27.51,27.11,0.7691812575168735
27.51,27.33,0.8394611302178392
27.51,27.40,0.8305980254147476
27.51,27.52,0.7907957714335945
27.51,28.13,0.8116618309494068
27.51,28.15,0.7878831345137007
27.51,28.25,0.9666521399718362
27.51,29.31,0.8071428371778278
27.51,29.32,0.8641062993614381
27.51,30.20,0.7592846342085893
27.51,30.92,0.8476677976605009
27.51,31.01,0.7856342875035913
27.51,31.02,0.7856342875035913
27.51,31.09,0.7973345433452246
27.52,14.31,0.7620894801948688
27.52,16.21,0.7503361446924064
27.52,16.22,0.7835921311838643
27.52,16.23,0.7500017756351265
27.52,23.12,0.7527372696114165
27.52,23.13,0.7635749388294788
27.52,23.42,0.7579862233813957
27.52,23.69,0.774618614465408
27.52,24.33,0.7758197877032511
27.52,25.11,0.818114136169705
27.52,25.12,0.8267959175671877
27.52,25.21,0.8532631459977005
27.52,25.72,0.8262721112371071
27.52,27.31,0.7588955976031737
27.52,27.32,0.7810997978875454
27.52,27.33,0.8425902531870999
27.52,27.51,0.7907957714335945
27.52,28.25,0.7765282092412742
27.52,29.20,0.7871770476382801
27.52,29.31,0.8054819758786218
27.52,30.99,0.8297960686219423
27.52,31.01,0.8911455636627792
27.52,31.02,0.8911455636627792
27.52,31.09,0.8966192285765299
27.90,23.42,0.7741361796924766
27.90,25.11,0.7634734000244418
27.90,25.12,0.7667483403303421
27.90,27.31,0.9274932483210816
27.90,27.32,0.9083502942192563
27.90,27.33,0.7643269213320699
27.90,29.31,0.9202390252550293
28.11,20.17,0.7570416099516827
28.11,20.59,0.7658637879055753
28.11,23.91,0.8113174306062827
28.11,24.45,0.7520486995556004
28.11,26.51,0.8056390382785891
28.11,28.12,0.8360646759948819
28.11,28.13,0.8346748707021598
28.11,28.14,0.7657385726737518
28.11,28.15,0.7673320833006951
28.11,28.22,0.7639427461967243
28.11,28.30,0.7515001303957058
28.11,28.99,0.7705078000698464
28.11,30.20,0.7739786640255847
28.11,30.30,0.8234303936684849
28.12,18.13,0.7972641609976379
28.12,23.91,0.8499735161565705
28.12,24.52,0.7873141650831207
28.12,25.73,0.7799793824548406
28.12,25.94,0.7736143329591336
28.12,26.51,0.8730807944979554
28.12,27.11,0.7707149402009019
28.12,28.11,0.8360646759948819
28.12,28.13,0.9292198314179687
28.12,28.14,0.955432541177635
28.12,28.15,0.849865423532942
28.12,28.21,0.8041478363493243
28.12,28.22,0.7926457294475271
28.12,28.29,0.8003499264018299
28.12,28.30,0.7619740835000072
28.12,28.94,0.7611818521238203
28.12,28.95,0.7642756511313691
28.12,28.99,0.8551980426744616
28.12,29.32,0.7807232449428367
28.12,30.20,0.7611996524520465
28.13,18.13,0.7676111611714476
28.13,20.17,0.7917106700361866
28.13,22.19,0.8144464692092269
28.13,23.20,0.7627192735243402
28.13,23.43,0.7900750388942881
28.13,23.91,0.8094521120342322
28.13,24.32,0.7633523162402962
28.13,25.21,0.7626142683927584
28.13,25.72,0.7539087724038293
28.13,25.94,0.7892053549536959
28.13,26.51,0.7910129930349524
28.13,27.11,0.786147602915503
28.13,27.40,0.7852756171612889
28.13,27.51,0.8116618309494068
28.13,28.11,0.8346748707021598
28.13,28.12,0.9292198314179687
28.13,28.14,0.8691277995058584
28.13,28.15,0.8859538146292605
28.13,28.21,0.766592506608732
28.13,28.25,0.8572489794396301
28.13,28.94,0.7730686376654956
28.13,28.99,0.7643682165305493
28.13,29.32,0.836542314563405
28.13,30.20,0.7944045771678993
28.13,30.92,0.7833328521528288
28.14,18.13,0.7931739854736017
28.14,23.91,0.8507685673426918
28.14,24.52,0.7818551592404537
28.14,25.73,0.8039214099533302
28.14,25.94,0.7953265725701582
28.14,26.51,0.8298754198646202
28.14,27.11,0.7870686190671241
28.14,27.40,0.7667870151901086
28.14,28.11,0.7657385726737518
28.14,28.12,0.955432541177635
28.14,28.13,0.8691277995058584
28.14,28.15,0.8168788624821605
28.14,28.21,0.778470164373644
28.14,28.29,0.7893502115895218
28.14,28.94,0.7567164398741956
28.14,28.99,0.8143121132339766
28.14,29.32,0.7579970732822067
28.14,30.92,0.7572845806477516
28.14,32.50,0.7584654722620388
28.15,17.12,0.7606638212540684
28.15,22.19,0.8115425688966259
28.15,23.12,0.7536366177265483
28.15,23.20,0.8285052926144942
28.15,23.43,0.807273136834219
28.15,23.91,0.8191312093150593
28.15,24.20,0.7878547855126146
28.15,24.32,0.8462690813896341
28.15,25.21,0.7612321698234321
28.15,25.72,0.7716130281087155
28.15,25.94,0.8369650787849805
28.15,27.11,0.7621789733000355
28.15,27.40,0.8679369257836234
28.15,27.51,0.7878831345137007
28.15,28.11,0.7673320833006951
28.15,28.12,0.849865423532942
28.15,28.13,0.8859538146292605
28.15,28.14,0.8168788624821605
28.15,28.21,0.7874028609049097
28.15,28.25,0.8005311683024927
28.15,28.91,0.7939008485181142
28.15,28.94,0.8045856412806901
28.15,28.95,0.7537746940844687
28.15,29.32,0.8384773787285864
28.15,30.20,0.8467290781364407
28.15,30.92,0.8443831622321489
28.21,23.20,0.7504034313510244
28.21,23.91,0.8213535440773156
28.21,24.31,0.7880275974706568
28.21,24.32,0.7611495547725836
28.21,25.21,0.8089084602255305
28.21,25.72,0.7730580057773179
28.21,25.73,0.8078237608648355
28.21,25.93,0.7512921163944446
28.21,28.12,0.8041478363493243
28.21,28.13,0.766592506608732
28.21,28.14,0.778470164373644
28.21,28.15,0.7874028609049097
28.21,28.91,0.7706984942205997
28.21,28.93,0.7680493972577074
28.21,28.95,0.7653031899906886
28.21,28.99,0.7955670228665501
28.21,29.32,0.8009897907863776
28.21,30.20,0.8068569851770385
28.21,71.11,0.8139254640429602
28.22,20.52,0.757063657062182
28.22,20.59,0.8847236659246863
28.22,24.32,0.7901421872476044
28.22,24.45,0.7814754806922424
28.22,26.51,0.7991651355843182
28.22,26.60,0.776881794421331
28.22,28.11,0.7639427461967243
28.22,28.12,0.7926457294475271
28.22,28.29,0.7693357789935673
28.22,28.99,0.7765992691007009
28.23,23.49,0.7944352656023539
28.25,22.19,0.824849847879801
28.25,22.23,0.7692895429079911
28.25,23.12,0.7728774229836816
28.25,23.43,0.7996986208741146
28.25,25.21,0.7970372655175877
28.25,25.72,0.8144562869320886
28.25,27.11,0.7945103480043545
28.25,27.33,0.8325606247538178
28.25,27.40,0.8309359523236619
28.25,27.51,0.9666521399718362
28.25,27.52,0.7765282092412742
28.25,28.13,0.8572489794396301
28.25,28.15,0.8005311683024927
28.25,29.31,0.8015935685610296
28.25,29.32,0.861963527063698
28.25,30.92,0.8457425718831069
28.25,31.01,0.7552431654732545
28.25,31.02,0.7552431654732545
28.25,31.09,0.7744787106838606
28.29,18.13,0.7737833951646593
28.29,20.59,0.7568275998711225
28.29,23.44,0.7553952862308375
28.29,26.51,0.8026078525543068
28.29,26.60,0.7517717393177081
28.29,28.12,0.8003499264018299
28.29,28.14,0.7893502115895218
28.29,28.22,0.7693357789935673
28.29,28.41,0.8018795217599154
28.29,28.49,0.810662879812078
28.29,28.99,0.7854933884557086
28.29,32.50,0.8038058292469636
28.30,10.11,0.7747111061723855
28.30,10.12,0.7582029467463556
28.30,10.62,0.8072936358859043
28.30,11.06,0.7856054765408431
28.30,17.12,0.7901528132225246
28.30,20.52,0.768162118469803
28.30,20.59,0.7814674158270672
28.30,28.11,0.7515001303957058
28.30,28.12,0.7619740835000072
28.30,28.92,0.8296776446446511
28.30,29.20,0.7760922620915384
28.41,18.13,0.8239893952837373
28.41,23.91,0.7513087026741709
28.41,25.73,0.7909195813927596
28.41,28.29,0.8018795217599154
28.41,28.91,0.784620507668887
28.41,28.94,0.8682857529254155
28.41,28.95,0.8211881051613781
28.41,28.99,0.7886481542638489
28.49,23.44,0.7692842138893605
28.49,26.12,0.7981208200713474
28.49,26.30,0.7635686328068303
28.49,26.40,0.771521670239175
28.49,26.70,0.8452140710841428
28.49,28.29,0.810662879812078
28.91,23.43,0.7564054253616695
28.91,23.91,0.7567936208245966
28.91,24.20,0.7908728304701982
28.91,24.31,0.7791474292154312
28.91,24.32,0.7846028193620879
28.91,25.72,0.758720680735846
28.91,25.73,0.7520493718643078
28.91,25.94,0.7999714072534676
28.91,28.15,0.7939008485181142
28.91,28.21,0.7706984942205997
28.91,28.41,0.784620507668887
28.91,28.94,0.7974212400579056
28.92,17.12,0.8025816463548657
28.92,20.16,0.7559282474698561
28.92,28.30,0.8296776446446511
28.92,29.10,0.7932577845002264
28.92,29.32,0.7564251308057623
28.93,10.51,0.7544306007352641
28.93,23.32,0.7664950410832958
28.93,25.21,0.8319723855329696
28.93,25.92,0.7536413761954723
28.93,28.21,0.7680493972577074
28.93,58.13,0.8071374251192807
28.93,58.14,0.8071374251192807
28.94,18.13,0.8095470694120975
28.94,23.91,0.776703269906819
28.94,24.32,0.7983400274635662
28.94,25.94,0.8024389505750307
28.94,28.12,0.7611818521238203
28.94,28.13,0.7730686376654956
28.94,28.14,0.7567164398741956
28.94,28.15,0.8045856412806901
28.94,28.41,0.8682857529254155
28.94,28.91,0.7974212400579056
28.94,28.95,0.8188846270526883
28.94,30.20,0.7627018337132175
28.95,18.13,0.7741535615125732
28.95,23.91,0.7603641136361163
28.95,24.32,0.7716769700116746
28.95,25.73,0.758911263283021
28.95,28.12,0.7642756511313691
28.95,28.15,0.7537746940844687
28.95,28.21,0.7653031899906886
28.95,28.41,0.8211881051613781
28.95,28.94,0.8188846270526883
28.95,28.99,0.7702957384213528
28.95,30.20,0.7509896028694202
28.99,18.13,0.8494636253653308
28.99,20.59,0.7620501021090664
28.99,23.91,0.8121902652003938
28.99,24.52,0.7687047870887281
28.99,25.73,0.7933213105342467
28.99,26.51,0.8368551304108193
28.99,28.11,0.7705078000698464
28.99,28.12,0.8551980426744616
28.99,28.13,0.7643682165305493
28.99,28.14,0.8143121132339766
28.99,28.21,0.7955670228665501
28.99,28.22,0.7765992691007009
28.99,28.29,0.7854933884557086
28.99,28.41,0.7886481542638489
28.99,28.95,0.7702957384213528
29.10,22.19,0.8008448699957703
29.10,23.91,0.7859123347375448
29.10,28.92,0.7932577845002264
29.10,29.32,0.8821667303885201
29.10,30.92,0.7817778666986739
29.20,16.22,0.7826592288199743
29.20,16.23,0.7571335560700059
29.20,23.12,0.7617033466466312
29.20,23.14,0.7637370512554187
29.20,23.19,0.7656663528067016
29.20,25.11,0.753247829648989
29.20,25.21,0.8038173895757926
29.20,27.33,0.8061951269496613
29.20,27.52,0.7871770476382801
29.20,28.30,0.7760922620915384
29.20,30.99,0.9339208641492256
29.20,31.01,0.7827008959778837
29.20,31.02,0.7827008959778837
29.20,31.09,0.7706977689817647
29.31,22.19,0.8008606556383971
29.31,23.12,0.7661434961567659
29.31,23.42,0.8014726303416352
29.31,23.69,0.7556564525762994
29.31,24.33,0.7810673945805052
29.31,25.11,0.8005010780201944
29.31,25.12,0.8095950898757951
29.31,25.72,0.7962064136637637
29.31,25.92,0.7877025483119705
29.31,25.93,0.7683413874961964
29.31,27.11,0.7709336532626567
29.31,27.31,0.8983880350819134
29.31,27.32,0.8894534022297822
29.31,27.33,0.8140834244219237
29.31,27.51,0.8071428371778278
29.31,27.52,0.8054819758786218
29.31,27.90,0.9202390252550293
29.31,28.25,0.8015935685610296
29.31,29.32,0.8530345905776784
29.31,30.92,0.7760015052397486
29.31,31.01,0.80101427107985
29.31,31.02,0.80101427107985
29.31,31.09,0.8058095645099967
29.32,22.19,0.9152221016965656
29.32,23.12,0.8030845635036445
29.32,23.20,0.8195209708580673
29.32,23.43,0.8135124684934429
29.32,23.91,0.8657263641227191
29.32,24.20,0.777857578098232
29.32,24.31,0.7720281571602157
29.32,24.32,0.7743733109607578
29.32,25.21,0.7704628329830819
29.32,25.72,0.8494362464877154
29.32,25.93,0.8268641137100217
29.32,25.94,0.7673215522529515
29.32,27.11,0.7655807777598517
29.32,27.33,0.7906634329486089
29.32,27.40,0.8132982406911408
29.32,27.51,0.8641062993614381
29.32,28.12,0.7807232449428367
29.32,28.13,0.836542314563405
29.32,28.14,0.7579970732822067
29.32,28.15,0.8384773787285864
29.32,28.21,0.8009897907863776
29.32,28.25,0.861963527063698
29.32,28.92,0.7564251308057623
29.32,29.10,0.8821667303885201
29.32,29.31,0.8530345905776784
29.32,30.20,0.7785037722235584
29.32,30.92,0.8735057870418996
30.12,58.13,0.7535736918561229
30.12,58.14,0.7535736918561229
30.20,22.19,0.7614188659547065
30.20,23.20,0.848050340045091
30.20,23.91,0.7604526735494002
30.20,24.31,0.7973508122285242
30.20,25.21,0.8349331377138263
30.20,25.72,0.7730640948501613
30.20,25.94,0.7773598441171989
30.20,27.51,0.7592846342085893
30.20,28.11,0.7739786640255847
30.20,28.12,0.7611996524520465
30.20,28.13,0.7944045771678993
30.20,28.15,0.8467290781364407
30.20,28.21,0.8068569851770385
30.20,28.94,0.7627018337132175
30.20,28.95,0.7509896028694202
30.20,29.32,0.7785037722235584
30.30,20.13,0.7652790345682479
30.30,20.59,0.7603030903464166
30.30,24.45,0.8366614659515272
30.30,28.11,0.8234303936684849
30.92,13.96,0.7519412541232939
30.92,22.19,0.8172866407231767
30.92,23.12,0.770029758278669
30.92,23.20,0.7858820592447608
30.92,23.43,0.8372661955766019
30.92,23.91,0.7871896859635626
30.92,24.20,0.7548643703253379
30.92,25.72,0.8247569088131912
30.92,25.93,0.8016497751372441
30.92,25.94,0.7860575118632374
30.92,27.11,0.7597358768128183
30.92,27.40,0.8967261901553482
30.92,27.51,0.8476677976605009
30.92,28.13,0.7833328521528288
30.92,28.14,0.7572845806477516
30.92,28.15,0.8443831622321489
30.92,28.25,0.8457425718831069
30.92,29.10,0.7817778666986739
30.92,29.31,0.7760015052397486
30.92,29.32,0.8735057870418996
30.99,16.22,0.8201923703346229
30.99,16.23,0.799705592712066
30.99,23.14,0.7575229175664868
30.99,23.19,0.7642659026885613
30.99,23.61,0.7867833723701897
30.99,23.69,0.7919842014160243
30.99,25.11,0.8212760672926136
30.99,25.12,0.8166338784110505
30.99,25.21,0.798305854575876
30.99,25.92,0.7620348183289242
30.99,27.33,0.8091284515115248
30.99,27.52,0.8297960686219423
30.99,29.20,0.9339208641492256
30.99,31.01,0.8364373433118268
30.99,31.02,0.8364373433118268
30.99,31.09,0.8188493305499427
30.99,58.13,0.7737489583690698
30.99,58.14,0.7737489583690698
30.99,58.19,0.7667904957003334
31.01,13.92,0.7588915566426382
31.01,14.31,0.8551765200373243
31.01,16.21,0.7820327923777578
31.01,16.22,0.8702404943569456
31.01,16.23,0.8111047964829741
31.01,22.23,0.7703163633972134
31.01,23.42,0.7712027321129382
31.01,23.61,0.7831544586822635
31.01,23.69,0.7924275930268214
31.01,24.33,0.7741880176443494
31.01,25.11,0.8512052386111998
31.01,25.12,0.8554520078548531
31.01,25.21,0.8359495965076633
31.01,25.72,0.833126910081678
31.01,27.31,0.7940153940184074
31.01,27.32,0.807144720483429
31.01,27.33,0.8617448712140527
31.01,27.51,0.7856342875035913
31.01,27.52,0.8911455636627792
31.01,28.25,0.7552431654732545
31.01,29.20,0.7827008959778837
31.01,29.31,0.80101427107985
31.01,30.99,0.8364373433118268
31.01,31.02,1.0
31.01,31.03,0.8139373506333627
31.01,31.09,0.9868433174343266
31.02,13.92,0.7588915566426382
31.02,14.31,0.8551765200373243
31.02,16.21,0.7820327923777578
31.02,16.22,0.8702404943569456
31.02,16.23,0.8111047964829741
31.02,22.23,0.7703163633972134
31.02,23.42,0.7712027321129382
31.02,23.61,0.7831544586822635
31.02,23.69,0.7924275930268214
31.02,24.33,0.7741880176443494
31.02,25.11,0.8512052386111998
31.02,25.12,0.8554520078548531
31.02,25.21,0.8359495965076633
31.02,25.72,0.833126910081678
31.02,27.31,0.7940153940184074
31.02,27.32,0.807144720483429
31.02,27.33,0.8617448712140527
31.02,27.51,0.7856342875035913
31.02,27.52,0.8911455636627792
31.02,28.25,0.7552431654732545
31.02,29.20,0.7827008959778837
31.02,29.31,0.80101427107985
31.02,30.99,0.8364373433118268
31.02,31.01,1.0
31.02,31.03,0.8139373506333627
31.02,31.09,0.9868433174343266
31.03,10.13,0.7627811485990356
31.03,13.92,0.8355705234030342
31.03,14.31,0.8176979256373853
31.03,22.23,0.7530468730451494
31.03,31.01,0.8139373506333627
31.03,31.02,0.8139373506333627
31.03,31.09,0.8049304060673134
31.09,13.92,0.7622437257067602
31.09,14.31,0.8432177923464282
31.09,16.21,0.7503560602493196
31.09,16.22,0.8233010560845203
31.09,16.23,0.7679515766127496
31.09,22.23,0.7520016012129527
31.09,23.42,0.7723415646962772
31.09,25.11,0.8091845423975202
31.09,25.12,0.8148388962436355
31.09,25.21,0.8303990567271653
31.09,25.72,0.836365735450357
31.09,27.31,0.7829019071778583
31.09,27.32,0.7940352357053927
31.09,27.33,0.8393272271616941
31.09,27.51,0.7973345433452246
31.09,27.52,0.8966192285765299
31.09,28.25,0.7744787106838606
31.09,29.20,0.7706977689817647
31.09,29.31,0.8058095645099967
31.09,30.99,0.8188493305499427
31.09,31.01,0.9868433174343266
31.09,31.02,0.9868433174343266
31.09,31.03,0.8049304060673134
32.12,26.52,0.7613147145745767
32.12,32.13,0.7947814641577218
32.13,15.12,0.7642615741577585
32.13,32.12,0.7947814641577218
32.30,13.92,0.8296229158084261
32.30,14.11,0.8733189219385842
32.30,14.12,0.8365870216062233
32.30,14.13,0.8557457673761485
32.30,14.14,0.846995916863412
32.30,14.19,0.8892353546772376
32.30,14.31,0.7705304673260807
32.30,14.39,0.8212292495384212
32.30,15.20,0.9491666007976479
32.30,16.29,0.7563053432820087
32.50,26.12,0.7639040273044999
32.50,26.60,0.7906675940409629
32.50,26.70,0.7549883331139784
32.50,28.14,0.7584654722620388
32.50,28.29,0.8038058292469636
32.91,01.30,0.7524864472293542
32.99,14.11,0.825455995077615
32.99,14.19,0.757683383002399
32.99,15.12,0.7708188636468446
35.11,01.41,0.7932711595928963
35.11,01.42,0.792378327996741
35.11,01.47,0.7555886626418493
35.11,01.49,0.7766506746472754
35.11,08.12,0.7570458197787662
35.11,08.93,0.7529990069576253
35.11,10.52,0.7819842962674268
35.11,10.71,0.7923781573752997
35.11,10.72,0.7923781573752997
35.11,10.81,0.7647309511903578
35.11,11.05,0.8206593547144616
35.11,11.07,0.7917113541972949
35.11,16.10,0.7671196494653278
35.11,16.21,0.7624852650815921
35.11,16.22,0.7729365930370844
35.11,16.23,0.7755436539289486
35.11,17.21,0.7725262361155598
35.11,22.22,0.7555309280075386
35.11,23.51,0.7681110723181398
35.11,23.61,0.7813330334453584
35.11,23.69,0.79080495984996
35.11,25.11,0.8037693682312943
35.11,25.12,0.7981060791057544
35.11,25.91,0.7610910092558323
35.11,25.92,0.7795164747938887
35.11,27.33,0.7612559315869214
35.21,08.99,0.750589047264834
37.00,22.21,0.7528010217368268
38.11,08.12,0.769363684181892
38.11,10.71,0.7706150214660062
38.11,10.72,0.7706150214660062
38.11,10.84,0.7664310191642887
38.11,11.05,0.7910253860657672
38.11,23.52,0.7902180436815742
38.11,58.19,0.7511455413848287
38.12,19.20,0.9798674563291483
38.12,20.15,0.7768956309476286
38.32,24.45,0.7702421759876915
58.11,10.52,0.7749816085387671
58.11,20.41,0.7855158918719005
58.11,22.21,0.7532938221578744
58.11,58.13,0.8042884783228281
58.11,58.14,0.8042884783228281
58.11,58.19,0.7685689870638391
58.13,01.47,0.7715790844331285
58.13,10.51,0.7574564897303446
58.13,10.52,0.7932042934774827
58.13,11.05,0.7618723037984867
58.13,20.30,0.8042054496745823
58.13,20.41,0.7786642333340958
58.13,22.21,0.7683965845421227
58.13,23.32,0.8212983270637995
58.13,23.69,0.7571403098845539
58.13,24.33,0.7629877623202473
58.13,25.11,0.7867423157063409
58.13,25.12,0.7917957093469283
58.13,25.21,0.8126798041826075
58.13,25.92,0.8016028479977761
58.13,27.33,0.7627396788424825
58.13,28.93,0.8071374251192807
58.13,30.12,0.7535736918561229
58.13,30.99,0.7737489583690698
58.13,58.11,0.8042884783228281
58.13,58.14,1.0000000000000004
58.13,58.19,0.8217716692781959
58.14,01.47,0.7715790844331285
58.14,10.51,0.7574564897303446
58.14,10.52,0.7932042934774827
58.14,11.05,0.7618723037984867
58.14,20.30,0.8042054496745823
58.14,20.41,0.7786642333340958
58.14,22.21,0.7683965845421227
58.14,23.32,0.8212983270637995
58.14,23.69,0.7571403098845539
58.14,24.33,0.7629877623202473
58.14,25.11,0.7867423157063409
58.14,25.12,0.7917957093469283
58.14,25.21,0.8126798041826075
58.14,25.92,0.8016028479977761
58.14,27.33,0.7627396788424825
58.14,28.93,0.8071374251192807
58.14,30.12,0.7535736918561229
58.14,30.99,0.7737489583690698
58.14,58.11,0.8042884783228281
58.14,58.13,1.0000000000000004
58.14,58.19,0.8217716692781959
58.19,10.52,0.8205771652388951
58.19,10.61,0.7562548402630109
58.19,10.82,0.7548877427800271
58.19,10.91,0.7683819277804415
58.19,10.92,0.7731153071566705
58.19,11.05,0.7909547130760128
58.19,11.07,0.7511787126962534
58.19,17.21,0.7755015114228796
58.19,20.30,0.8582024609679233
58.19,20.41,0.8289516959552554
58.19,22.21,0.8095849028368081
58.19,22.22,0.7710707614975574
58.19,23.32,0.7663298044070386
58.19,25.11,0.751786349040618
58.19,25.91,0.7965897067893436
58.19,25.92,0.8498462351916295
58.19,27.33,0.7577937801834658
58.19,30.99,0.7667904957003334
58.19,38.11,0.7511455413848287
58.19,58.11,0.7685689870638391
58.19,58.13,0.8217716692781959
58.19,58.14,0.8217716692781959
58.29,20.59,0.7500817113373919
58.29,26.12,0.9827885657878714
58.29,26.20,1.0
58.29,26.51,0.7629446170210679
58.29,26.70,0.7841661730604191
58.29,26.80,1.0
58.29,59.11,0.9999999451335242
58.29,59.20,0.9999993533956493
59.11,20.59,0.7501175027789451
59.11,26.12,0.9827864370009023
59.11,26.20,0.9999999451335241
59.11,26.51,0.7629960434448639
59.11,26.70,0.7841307796025898
59.11,26.80,0.9999999451335242
59.11,58.29,0.9999999451335242
59.11,59.20,0.9999994192771682
59.20,20.59,0.7504591916591188
59.20,26.12,0.9827387507612231
59.20,26.20,0.999999353395649
59.20,26.51,0.7631707256841014
59.20,26.70,0.7840711578807247
59.20,26.80,0.9999993533956493
59.20,58.29,0.9999993533956493
59.20,59.11,0.9999994192771682
71.11,28.21,0.8139254640429602
74.20,24.45,0.7609782756221029
90.03,24.45,0.816489709939875
90.03,26.52,0.790554665227537
