0102;0103;0.6781845688819885
0102;0104;0.7598829120397568
0102;0201;0.9278754219412804
0102;0202;0.908358097076416
0102;0203;0.9202380105853081
0102;0204;0.9577935971319675
0102;0206;0.9624802656471729
0102;0207;0.9647641852498055
0102;0709;0.9371813982725143
0102;1104;0.9512059241533279
0102;1601;0.9718848001211882
0103;0104;0.5499888360500336
0103;0201;0.965419340878725
0103;0202;0.9560616202652454
0103;0203;0.89809300750494
0103;0204;0.9503173902630806
0103;0206;0.9558342285454273
0103;0709;0.9135440140962601
0103;1104;0.9425628110766411
0103;1601;0.966904629021883
0103;1602;0.9183529615402222
0104;0201;0.9599790833890438
0104;0202;0.9491491988301277
0104;0203;0.9557411931455135
0104;0204;0.9425012841820717
0104;0206;0.9488860331475735
0104;0207;0.9402399957180023
0104;1104;0.9335267469286919
0104;1601;0.9616980403661728
0104;1602;0.964540209621191
0201;0202;0.5500732362270355
0201;0203;0.6442539095878601
0201;0204;0.6809923648834229
0201;0206;0.7513179779052734
0201;0207;0.8347484618425369
0201;0402;0.9798167459666729
0201;0403;0.9487043917179108
0201;0405;0.9746901281177998
0201;0709;0.9273956343531609
0202;0203;0.38981127738952637
0202;0204;0.4765346050262451
0202;0206;0.5790083706378937
0202;0207;0.79003044962883
0202;0402;0.9743550438433886
0202;0403;0.9709673076868057
0202;0405;0.9678411334753036
0203;0204;0.41043537855148315
0203;0206;0.5229715704917908
0203;0207;0.7634637206792831
0203;0303;0.9381285905838013
0203;0304;0.9424585402011871
0204;0206;0.4431578516960144
0204;0207;0.8102705180644989
0206;0207;0.7069469392299652
0206;0303;0.9285454526543617
0206;0304;0.9335460588335991
0206;0709;0.9560426287353039
0207;0302;0.9670819453895092
0207;0303;0.9538841806352139
0207;0304;0.9571115076541901
0207;0306;0.9716844819486141
0207;0307;0.95972615852952
0207;0802;0.9592880979180336
0301;0303;0.7354706525802612
0301;0306;0.6395258009433746
0301;0307;0.756953626871109
0302;0303;0.8687434643507004
0302;0304;0.7558583915233612
0302;0305;0.8757548704743385
0302;0306;0.6486647427082062
0302;0307;0.6208843290805817
0302;0308;0.5559942126274109
0302;0802;0.8904376104474068
0303;0304;0.6837574243545532
0303;0306;0.8870954886078835
0303;0307;0.8394132107496262
0303;0308;0.7043810486793518
0303;0706;0.8493972420692444
0304;0305;0.717203289270401
0304;0306;0.7899937778711319
0304;0307;0.8506515622138977
0304;0308;0.4501386880874634
0305;0306;0.8931265696883202
0305;0307;0.8479913622140884
0306;0307;0.41560423374176025
0306;0308;0.6180741786956787
0306;0802;0.9057563990354538
0307;0308;0.7283888757228851
0307;0713;0.7972691655158997
0307;0802;0.8659550696611404
0307;0810;0.8561320900917053
0401;0402;0.4690372347831726
0401;0403;0.6151070892810822
0401;0404;0.7270750999450684
0401;0405;0.5895383954048157
0401;0406;0.7873036116361618
0401;0408;0.9074753746390343
0401;0901;0.9677081480622292
0401;0902;0.9667598567903042
0402;0403;0.7245403230190277
0402;0404;0.7874085307121277
0402;0405;0.6181691884994507
0402;0406;0.8513520509004593
0402;0408;0.9081365242600441
0402;0901;0.9679388962686062
0402;0902;0.9669973812997341
0403;0404;0.6932291984558105
0403;0405;0.7225005626678467
0403;0406;0.8342817574739456
0403;0709;0.9607414901256561
0404;0406;0.9647271074354649
0405;0406;0.7520784735679626
0405;0409;0.9142803698778152
0406;0409;0.9636232778429985
0701;0704;0.6211639046669006
0701;0706;0.8692345768213272
0701;0709;0.913031131029129
0702;0706;0.7688813507556915
0702;0711;0.7717598378658295
0705;0706;0.7361727058887482
0705;0709;0.8647382855415344
0706;0709;0.7295642197132111
0706;0713;0.781186893582344
0706;0811;0.8006466627120972
0709;0711;0.8170123249292374
0709;0712;0.8767879456281662
0709;0713;0.7918660044670105
0709;0811;0.8977934569120407
0712;0714;0.477161169052124
0712;0802;0.7905107885599136
0712;0803;0.7096959054470062
0712;0805;0.7546423226594925
0713;0810;0.8272127658128738
0714;0802;0.599323570728302
0714;0803;0.4447541832923889
0714;0805;0.5307202637195587
0801;0802;0.761652871966362
0801;0806;0.7257476449012756
0801;0901;0.8464427590370178
0801;0904;0.749603271484375
0801;0905;0.6105463206768036
0801;0910;0.8559120744466782
0802;0803;0.7775260955095291
0802;0805;0.811970666050911
0802;0806;0.8440845310688019
0802;0810;0.8545672297477722
0802;0901;0.9127010256052017
0802;0904;0.857646718621254
0802;0905;0.7785913050174713
0802;0910;0.9180844351649284
0803;0805;0.4594728946685791
0803;0806;0.7249568998813629
0803;0807;0.6273891031742096
0803;0809;0.5754677951335907
0805;0806;0.7675405293703079
0805;0807;0.6850786805152893
0805;0813;0.48871028423309326
0805;0910;0.8671003133058548
0806;0807;0.6906112730503082
0806;0810;0.7979600578546524
0806;0901;0.8995500802993774
0806;0904;0.8362022489309311
0806;0905;0.7452377378940582
0806;0910;0.9057444632053375
0808;0809;0.2928932309150696
0808;0810;0.6347185373306274
0809;0810;0.7417069971561432
0813;0910;0.8748983293771744
0901;0902;0.6413342654705048
0901;0904;0.9082876443862915
0901;0905;0.8573554903268814
0901;0910;0.9472251757979393
0904;0905;0.7673980444669724
0904;0906;0.5920756757259369
0904;0907;0.5920756757259369
0904;0908;0.5920756757259369
0904;0910;0.5763773620128632
0905;0910;0.8661518692970276
0906;0907;0
0906;0908;0
0906;0910;0.7652646154165268
0907;0908;0
0907;0910;0.7652646154165268
0908;0910;0.7652646154165268
1001;0102;0.9261737391352654
1001;1002;0.896230585873127
1001;1003;0.6897876262664795
1001;1004;0.7240749299526215
1001;1005;0.7753121703863144
1001;1006;0.7890930771827698
1001;1007;0.8330670297145844
1001;1101;0.9541988521814346
1001;1102;0.9525325857102871
1001;1201;0.9045611768960953
1001;1205;0.7579574733972549
1001;1206;0.8981592953205109
1001;1207;0.91774582862854
1001;1209;0.9048769623041153
1001;1210;0.8021094053983688
1001;1212;0.8503080755472183
1001;1701;0.9102171882987022
1001;3102;0.9640562981367111
1001;3105;0.935928612947464
1002;1003;0.631737619638443
1002;1004;0.5084894001483917
1002;1005;0.6207508444786072
1002;1006;0.8541723638772964
1002;3102;0.9090842679142952
1002;3105;0.8379383087158203
1003;1004;0.3781665563583374
1003;1005;0.7191685438156128
1003;1006;0.5604428648948669
1003;1007;0.7721818387508392
1003;1101;0.9109741672873497
1003;1102;0.9077353551983833
1003;1205;0.865306094288826
1003;3102;0.9438802115619183
1003;3105;0.899963766336441
1004;1005;0.6440627574920654
1004;1006;0.7461789846420288
1004;1007;0.6959367990493774
1004;1201;0.8011187463998795
1004;1205;0.8551622182130814
1004;1206;0.7877781242132187
1004;1207;0.8285937458276749
1004;1210;0.5876234769821167
1004;3102;0.9250983148813248
1004;3105;0.866484135389328
1005;0102;0.9574597328901291
1005;0103;0.9499243870377541
1005;0104;0.9420464523136616
1005;0204;0.9713594391942024
1005;0405;0.9609744772315025
1005;0406;0.9834387917071581
1005;0408;0.8679718375205994
1005;1006;0.8831578195095062
1005;1007;0.8600296825170517
1005;1101;0.953217551112175
1005;1103;0.7108882069587708
1005;1104;0.7252521812915802
1005;1105;0.7591233551502228
1005;1201;0.9084483981132507
1005;1205;0.7678158730268478
1005;1206;0.9023072719573975
1005;1207;0.9210960492491722
1005;1210;0.8101694881916046
1005;1212;0.856405034661293
1005;1701;0.9138740450143814
1005;3102;0.9655202850699425
1005;3105;0.9385382421314716
1005;8901;0.9492510668933392
1005;8903;0.9445947706699371
1005;8905;0.951132956892252
1005;8906;0.9263170436024666
1006;1007;0.5603555738925934
1006;1102;0.9169551730155945
1006;1104;0.9121279120445251
1006;1209;0.8663231432437897
1006;1902;0.9249656349420547
1006;3102;0.9494881480932236
1006;3105;0.9099601805210114
1007;1209;0.6959432661533356
1101;0405;0.9591814056038857
1101;0406;0.9826778676360846
1101;1102;0.7220982313156128
1101;1103;0.8578451126813889
1101;1104;0.8959454894065857
1101;1205;0.9187096282839775
1101;1206;0.8808902204036713
1101;1901;0.8545400649309158
1101;1904;0.9210833385586739
1101;8432;0.9774816129356623
1102;1103;0.9236934408545494
1102;1104;0.8143470585346222
1102;1902;0.939583070576191
1102;1904;0.716490775346756
1103;0405;0.9428353980183601
1103;0406;0.9757411349564791
1103;0810;0.8776417449116707
1103;1104;0.4607040286064148
1104;0202;0.9709471948444843
1104;0203;0.9747134260833263
1104;0204;0.9671490117907524
1104;0206;0.9707968402653933
1104;0401;0.9662350937724113
1104;0403;0.9620478451251984
1104;0801;0.8001107573509216
1104;1205;0.9108550548553467
1104;1206;0.8693813979625702
1104;1207;0.894502654671669
1104;1601;0.9781167767941952
1104;1904;0.8321824669837952
1104;8432;0.9753058049827814
1108;1209;0.7119515836238861
1108;1212;0.47002077102661133
1108;1701;0.3900117874145508
1108;3505;0.6349299252033234
1201;0713;0.7009494304656982
1201;1205;0.8306099623441696
1201;1206;0.7518032193183899
1201;1207;0.799537718296051
1201;1210;0.5177192687988281
1205;1206;0.3175172209739685
1205;1207;0.8540108054876328
1205;1210;0.6487729549407959
1205;1212;0.7343186140060425
1205;1701;0.8406485766172409
1205;8432;0.9601663686335087
1206;1207;0.7860910445451736
1206;1210;0.48536866903305054
1206;8432;0.9416342340409756
1207;0401;0.9355436936020851
1207;0403;0.9275503531098366
1207;0701;0.845972940325737
1207;0706;0.8179448246955872
1207;0801;0.7245329320430756
1207;0802;0.6440382897853851
1207;0806;0.8198024034500122
1207;0810;0.8319176733493805
1207;0901;0.8991051688790321
1207;0904;0.8354767560958862
1207;0905;0.7441093325614929
1207;0910;0.9053269922733307
1207;1210;0.5843452513217926
1207;1904;0.8448469340801239
1209;0901;0.888623408973217
1209;0902;0.8853526934981346
1209;1701;0.8242938667535782
1209;2101;0.8193560093641281
1209;3505;0.7804117947816849
1212;1701;0.40021610260009766
1301;1515;0.6042771935462952
1301;3307;0.751104399561882
1501;1509;0.5878083109855652
1501;1511;0.27811819314956665
1504;1511;0.7542451322078705
1504;1513;0.7949663549661636
1504;1515;0.859467476606369
1505;0405;0.8154721558094025
1505;1517;0.36614781618118286
1507;1509;0.6048613786697388
1507;1513;0.4226497411727905
1507;1515;0.6042771935462952
1509;1511;0.702446311712265
1509;1513;0.5437332093715668
1509;1514;0.5705164968967438
1509;1515;0.5309038758277893
1509;1704;0.9002725780010223
1509;1806;0.9476259909570217
1509;2101;0.8403964191675186
1511;1513;0.6004641652107239
1511;1515;0.7261533439159393
1513;1514;0.686233639717102
1513;1515;0.31458795070648193
1514;1515;0.5698815286159515
1515;3307;0.9015063345432281
1517;0405;0.8830366283655167
1601;0201;0.9291128367185593
1601;0202;0.8855709582567215
1601;0203;0.8511282056570053
1601;0204;0.8916927501559258
1601;0206;0.8500851541757584
1601;0207;0.9185476303100586
1601;0305;0.9014784693717957
1601;1602;0.7019714415073395
1601;1604;0.9755223039537668
1601;1605;0.9502032250165939
1602;0201;0.8635999262332916
1602;0202;0.7728132009506226
1602;0203;0.6708689033985138
1602;0204;0.832836389541626
1602;0206;0.7976606637239456
1602;0207;0.8616250604391098
1602;0303;0.9504291377961636
1602;0304;0.9538982585072517
1602;0406;0.9881524397060275
1602;1604;0.9292514771223068
1602;1605;0.9498332552611828
1602;2007;0.9678208753466606
1604;0201;0.9744237679988146
1604;0202;0.9675026945769787
1604;0203;0.9483393877744675
1604;0206;0.9730032682418823
1604;0207;0.9825766663998365
1604;0302;0.9382625371217728
1604;0303;0.9375625737011433
1604;0304;0.7165805399417877
1604;0305;0.7651640772819519
1604;0306;0.9410784542560577
1604;1605;0.692500501871109
1604;2001;0.9077451899647713
1605;0302;0.8991135284304619
1605;0304;0.5891872942447662
1605;0305;0.649420291185379
1605;0306;0.913219265639782
1605;0308;0.772781178355217
1605;1902;0.9030449390411377
1605;2001;0.830845057964325
1701;1702;0.7762102782726288
1701;3505;0.7773115485906601
1702;0409;0.7624089568853378
1704;0406;0.9734247922897339
1704;1806;0.7355294227600098
1704;2101;0.8904683887958527
1803;1805;0.7434941232204437
1803;1806;0.7743809819221497
1805;0802;0.7386549115180969
1805;1806;0.9192314147949219
1806;0401;0.982813173905015
1806;0402;0.9829359855502844
1806;0901;0.9700654800981283
1806;0902;0.9691864158958197
1806;2007;0.9658344686031342
1806;2101;0.8939256966114044
1806;2202;0.965857483446598
1901;1902;0.7035579681396484
1902;0405;0.951369896531105
1902;0709;0.9468812458217144
1902;1904;0.9059809520840645
1902;2005;0.8870546221733093
1904;0303;0.8633354008197784
1904;0306;0.8931804671883583
1904;0401;0.9503425508737564
1904;0403;0.9441844448447227
1904;0706;0.8754552826285362
1904;2007;0.9212216064333916
2001;2005;0.7574212849140167
2005;0709;0.8990025222301483
2006;0811;0.7510006427764893
2006;2007;0.8572302758693695
2007;0207;0.9700637310743332
2007;0303;0.9047390893101692
2007;0401;0.9631439447402954
2007;0402;0.9634073078632355
2007;0403;0.9554896615445614
2007;0706;0.9131871536374092
2007;0811;0.8739028424024582
2007;2008;0.6986864805221558
2008;0401;0.9218261986970901
2008;0402;0.9223848059773445
2101;0401;0.9476251788437366
2101;0402;0.9479994364082813
2101;0901;0.7926548570394516
2101;0902;0.786565899848938
2101;2202;0.7360442578792572
2202;0401;0.9631687738001347
2202;0402;0.9634319581091404
2202;0901;0.8717011511325836
2202;0902;0.8679334819316864
2502;2601;0.37808656692504883
2502;7202;0
2502;7216;0.6885422468185425
2502;7308;0.9238737970590591
2505;2507;0.8349728435277939
2505;2508;0.8681522160768509
2505;2516;0.8961237072944641
2505;2517;0.8273161947727203
2505;2522;0.919486790895462
2505;2523;0.778804823756218
2507;2508;0.39546751976013184
2507;2517;0.9419717788696289
2508;2512;0.5848649740219116
2508;2517;0.9485611021518707
2508;2712;0.813745766878128
2510;2511;0.6104943156242371
2511;2520;0.5
2513;6804;0.6747426986694336
2513;8460;0.7537089735269547
2513;8486;0.7311900854110718
2516;2517;0.5430825352668762
2516;2522;0.9508040808141232
2516;2523;0.7998409122228622
2516;3922;0.9754711296409369
2516;4412;0.9747364390641451
2516;6902;0.9581946320831776
2516;6904;0.9515680745244026
2516;6905;0.9670353792607784
2516;6910;0.9608045518398285
2516;7016;0.938163485378027
2516;7308;0.9575528427958488
2517;2522;0.9074918180704117
2517;2523;0.7784520089626312
2517;3922;0.9706982783973217
2517;6902;0.9569504298269749
2517;6904;0.9501266553997993
2517;6905;0.9660542942583561
2517;6910;0.9774442370980978
2517;7016;0.9063757136464119
2517;7308;0.9309511855244637
2517;7610;0.9391699358820915
2517;9406;0.9714085571467876
2519;2836;0.20817071199417114
2520;2522;0.7639814764261246
2521;2523;0.7218166887760162
2521;6806;0.7275571525096893
2522;2523;0.7717944532632828
2523;3214;0.8774891272187233
2523;3922;0.9625378362834454
2523;4421;0.9455768428742886
2523;6806;0.9242109432816505
2523;6902;0.9531495235860348
2523;6904;0.9457232691347599
2523;6905;0.9630571827292442
2523;7016;0.9614700712263584
2601;7202;0.37808656692504883
2601;7216;0.8063002377748489
2601;7308;0.952656090259552
2604;2609;0.3525896668434143
2604;3919;0.8344819098711014
2604;9612;0.45884305238723755
2609;3919;0.8928418755531311
2609;9612;0.6496493816375732
2616;2617;0.8940267786383629
2616;2620;0.8412894755601883
2616;2621;0.7294694185256958
2617;2620;0.637317031621933
2617;2621;0.6082763671875
2617;7308;0.9733505472540855
2617;7502;0.7894199192523956
2617;7601;0.9205375909805298
2617;7604;0.9001870006322861
2617;8483;0.9547302313148975
2620;2621;0.4133360981941223
2701;6802;0.6267485022544861
2701;6902;0.783675417304039
2701;6904;0.7493858933448792
2701;6905;0.8294224441051483
2701;6914;0.7298324704170227
2701;7308;0.9278315082192421
2705;2709;0.8463054299354553
2705;2710;0.597408264875412
2705;2711;0.5613712966442108
2705;2804;0.7894109487533569
2707;2709;0.5966779291629791
2707;2713;0.4795888066291809
2707;3208;0.8821514546871185
2707;3209;0.8461654335260391
2707;3403;0.7065516710281372
2709;2713;0.7901066839694977
2709;3208;0.9524690806865692
2709;3209;0.9379551261663437
2709;3403;0.8816458135843277
2710;2711;0.6357979774475098
2710;2712;0.856905996799469
2710;2713;0.7893895506858826
2710;2804;0.9375648871064186
2710;3215;0.9267518892884254
2710;3401;0.9627731256186962
2710;3402;0.952575646340847
2710;3403;0.928979218006134
2710;3819;0.9304865896701813
2710;3826;0.8189253658056259
2710;4821;0.9776439554989338
2710;6306;0.9521872811019421
2710;6804;0.931492954492569
2710;8406;0.9216080605983734
2710;8410;0.9531534388661385
2710;8412;0.9411124289035797
2711;2712;0.9274712279438972
2711;2713;0.8932497724890709
2711;2804;0.8674644976854324
2711;2811;0.901729092001915
2711;2853;0.8091500699520111
2711;8609;0.9246188700199127
2712;2713;0.5045821964740753
2713;3208;0.9386702999472618
2713;3209;0.9199427738785744
2713;3403;0.8472862094640732
2715;3208;0.8639070391654968
2715;3209;0.822349950671196
2715;3215;0.6504944860935211
2804;2811;0.8147944509983063
2804;2853;0.6403160691261292
2804;3306;0.906804047524929
2804;6905;0.9556010589003563
2804;6906;0.9084982573986053
2804;7307;0.9502531364560127
2804;7609;0.7119413912296295
2804;8416;0.7119413912296295
2804;8531;0.9321175813674927
2804;9032;0.9247990697622299
2806;2807;0.2928932309150696
2806;2815;0.43290823698043823
2807;2815;0.1980111002922058
2807;3206;0.6723195314407349
2811;2853;0.485088050365448
2815;2903;0.5924124419689178
2815;3206;0.7372038960456848
2826;2827;0
2836;2837;0.389257550239563
2836;2839;0.389257550239563
2836;2916;0.389257550239563
2836;2928;0.389257550239563
2836;3208;0.9295570403337479
2836;3906;0.6269936263561249
2836;3909;0.7229279279708862
2837;2839;0
2837;2916;0
2837;2928;0
2837;3208;0.8846601247787476
2837;3906;0.389257550239563
2837;3909;0.5463356673717499
2839;2916;0
2839;2928;0
2839;3208;0.8846601247787476
2839;3906;0.389257550239563
2839;3909;0.5463356673717499
2845;3813;0.517513632774353
2916;2928;0
2916;3208;0.8846601247787476
2916;3906;0.389257550239563
2916;3909;0.5463356673717499
2928;3208;0.8846601247787476
2928;3906;0.389257550239563
2928;3909;0.5463356673717499
2933;4412;0.87708380818367
2933;4421;0.8266264051198959
2933;6807;0.36614781618118286
3003;3004;0.6638427674770355
3003;3303;0.9820919279009104
3003;3304;0.9783623889088631
3003;9018;0.9823143929243088
3004;3303;0.9819926675409079
3004;3304;0.9782424550503492
3004;3306;0.9392250329256058
3004;9018;0.9822163637727499
3101;0408;0.7189182937145233
3101;3102;0.672677755355835
3101;3105;0.8187447637319565
3102;0408;0.8794144168496132
3102;3103;0.7106723785400391
3102;3104;0.7106723785400391
3102;3105;0.6157946884632111
3103;3104;0.5211133658885956
3103;3105;0.7312407493591309
3104;3105;0.7312407493591309
3201;3202;0
3201;3204;0.5181252062320709
3202;3204;0.5181252062320709
3204;3208;0.9480432234704494
3204;3209;0.932177796959877
3204;3213;0.5800520181655884
3204;3214;0.9194838851690292
3204;5901;0.822517067193985
3207;7008;0.7627830058336258
3207;7019;0.6394264400005341
3208;3209;0.724994033575058
3208;3210;0.9250325113534927
3208;3213;0.8762780651450157
3208;3214;0.7296984493732452
3208;3215;0.904869519174099
3208;3304;0.9766935482621193
3208;3403;0.9654175415635109
3208;3813;0.8942603394389153
3208;3906;0.9295570403337479
3208;3909;0.9476744122803211
3208;3922;0.9752799589186907
3208;4401;0.9675737023353577
3208;5901;0.9477113075554371
3208;6910;0.9604990743100643
3208;8701;0.9745574463158846
3209;3210;0.7956521958112717
3209;3213;0.8384985625743866
3209;3214;0.7298611998558044
3209;3215;0.9379103258252144
3209;3403;0.9548575058579445
3209;5901;0.9317445307970047
3209;8701;0.9667883552610874
3210;3214;0.6171409487724304
3213;3214;0.8082712292671204
3213;5901;0.5773692727088928
3214;3215;0.8525786846876144
3214;3306;0.9207039847970009
3214;3401;0.9651334285736084
3214;3404;0.8618540912866592
3214;5901;0.91896952688694
3214;8701;0.9605723135173321
3215;9612;0.7716443240642548
3303;3304;0.7051758766174316
3303;3305;0.8452264666557312
3303;3307;0.8511630296707153
3303;3401;0.9768636580556631
3303;6117;0.9261659607291222
3303;6204;0.9356892257928848
3303;6211;0.9479534365236759
3303;6217;0.8780777305364609
3303;7116;0.8872103989124298
3303;9004;0.9346978589892387
3303;9101;0.8724470883607864
3304;3305;0.7234382927417755
3304;3307;0.9147513136267662
3304;3401;0.9440905563533306
3304;6204;0.9222958534955978
3304;6217;0.9207084402441978
3304;7019;0.9009690582752228
3304;9004;0.9575310684740543
3304;9101;0.889925628900528
3304;9619;0.8796235546469688
3305;3401;0.7978409975767136
3305;9619;0.7915594726800919
3306;3401;0.9332134053111076
3306;3404;0.7353827953338623
3306;5901;0.7732533514499664
3306;6905;0.9501336142420769
3306;6906;0.89723040163517
3306;7307;0.9441271275281906
3306;7609;0.6764688193798065
3306;7615;0.7851260900497437
3306;8212;0.7552472054958344
3306;8416;0.6764688193798065
3306;8435;0.8536579608917236
3306;8516;0.9259950593113899
3306;8531;0.9237582981586456
3306;9032;0.9155385568737984
3307;3401;0.9466215558350086
3401;3402;0.7090149521827698
3401;3404;0.7476105391979218
3401;3405;0.9463860057294369
3401;4808;0.957464724779129
3401;9619;0.9349349960684776
3402;3404;0.7336479127407074
3402;3919;0.9547791182994843
3402;4821;0.9552079737186432
3402;6306;0.9042035937309265
3402;6804;0.8627409487962723
3403;3811;0.6276423037052155
3405;3812;0.9246577396988869
3405;4001;0.9554926306009293
3405;4006;0.8320676982402802
3405;4007;0.763364240527153
3405;4008;0.8328880220651627
3405;4009;0.9384642355144024
3405;4010;0.8349736779928207
3405;4013;0.7881281524896622
3405;4016;0.9583020657300949
3501;3505;0.7170496582984924
3703;3704;0.7686974406242371
3703;4707;0.9442513287067413
3703;4804;0.8732547461986542
3703;4805;0.8912638202309608
3703;4810;0.8456244170665741
3703;4811;0.926415391266346
3703;4821;0.9645460955798626
3703;8305;0.8561498373746872
3704;4804;0.726018488407135
3704;4805;0.5298963487148285
3704;4821;0.8467206507921219
3704;8305;0.37808656692504883
3805;4401;0.7187061905860901
3809;4107;0.764485239982605
3812;3815;0.7396099269390106
3812;3907;0.8553424328565598
3812;3913;0.7396099269390106
3812;3919;0.9658538103103638
3812;4001;0.9326730370521545
3812;4002;0.9018721655011177
3812;8445;0.8792597129940987
3812;8451;0.8473587036132812
3812;8477;0.9199009165167809
3815;4001;0.7414380609989166
3819;3820;0.5956304371356964
3819;3826;0.6161063313484192
3901;3902;0.696972519159317
3901;3903;0.7171807289123535
3901;3919;0.8932256177067757
3902;3903;0.4180295467376709
3903;5607;0.7025460302829742
3903;6305;0.8137669563293457
3903;6905;0.9063830897212029
3903;6911;0.8701344430446625
3906;3907;0.3899109959602356
3906;3909;0.7229279279708862
3907;3919;0.9040793925523758
3919;3920;0.7046659290790558
3919;4010;0.920000746846199
3919;4821;0.9786826819181442
3919;6306;0.954408798366785
3919;6804;0.9346759915351868
3919;9612;0.9104287326335907
3920;4001;0.9561212882399559
3920;4009;0.9539242833852768
3920;4409;0.9696601554751396
3922;4401;0.9534996263682842
3922;4412;0.9748391024768353
3922;4421;0.9618189930915833
3922;6902;0.9671316668391228
3922;6904;0.9619217216968536
3922;6905;0.9740824662148952
3922;6910;0.7573538273572922
3922;7016;0.9478435292840004
3924;6911;0.778879389166832
3924;7418;0.7987063080072403
4001;4006;0.9274747148156166
4001;4007;0.8978036046028137
4001;4008;0.9278289899230003
4001;4009;0.9389883205294609
4001;4010;0.9287297278642654
4001;4013;0.78993259370327
4001;4016;0.8891632780432701
4002;4003;0.6051108241081238
4002;4005;0.6051108241081238
4002;4006;0.8496031612157822
4002;4008;0.8503378182649612
4002;4009;0.8734790980815887
4002;8445;0.7956962883472443
4002;8451;0.7417168319225311
4002;8477;0.8644649535417557
4002;8536;0.8900368735194206
4003;4005;0
4003;4006;0.6191416382789612
4003;4008;0.6210021078586578
4003;4009;0.6796040534973145
4005;4006;0.6191416382789612
4005;4008;0.6210021078586578
4005;4009;0.6796040534973145
4006;4007;0.6143992245197296
4006;4008;0.40364503860473633
4006;4009;0.45723628997802734
4006;4010;0.7310876548290253
4006;4013;0.6547523140907288
4006;4016;0.9320527240633965
4006;8477;0.8304274380207062
4007;4008;0.6162828207015991
4007;4009;0.8587035536766052
4007;4010;0.621071845293045
4007;4013;0.5135066509246826
4007;4016;0.9042545408010483
4008;4009;0.6276155412197113
4008;4010;0.7324012517929077
4008;4013;0.656438797712326
4008;4016;0.9323846399784088
4008;5702;0.8137923032045364
4009;4010;0.9014619216322899
4009;4013;0.7095614075660706
4009;4016;0.9428395554423332
4009;4409;0.9360877126455307
4009;7304;0.9015858322381973
4010;4013;0.6607266366481781
4010;4016;0.9332285150885582
4010;8482;0.8574405163526535
4010;8483;0.8662948608398438
4010;8714;0.7782721668481827
4013;4016;0.803192675113678
4016;4814;0.8936929479241371
4016;5603;0.7677811682224274
4104;4107;0.7539462000131607
4104;4113;0.46903669834136963
4107;4113;0.5365898311138153
4301;9619;0.5975142419338226
4303;6103;0.8980478569865227
4303;6104;0.8603411763906479
4303;6105;0.8352536261081696
4303;6106;0.808946043252945
4303;6107;0.8162650614976883
4303;6108;0.8792193904519081
4303;6209;0.7047228813171387
4401;4409;0.9522562213242054
4401;6910;0.9256955981254578
4401;7016;0.957531675696373
4401;7308;0.9748327881097794
4401;7318;0.9660530872642994
4404;4407;0.7323908805847168
4404;4408;0.404762327671051
4404;4409;0.8704977631568909
4404;4410;0.8945175111293793
4404;4411;0.7766998261213303
4404;4413;0.7159221768379211
4407;4408;0.8407089561223984
4407;4409;0.9173377677798271
4407;4410;0.9717719238251448
4407;4411;0.9402428343892097
4407;4412;0.9572380259633064
4407;4413;0.923978179693222
4408;4409;0.8044416010379791
4408;4410;0.937212847173214
4408;4411;0.8670833259820938
4408;4412;0.8070611655712128
4408;4413;0.6156538724899292
4409;4410;0.9674173407256603
4409;4411;0.9310244396328926
4409;4412;0.7478011548519135
4409;4413;0.9122507274150848
4409;4421;0.9227547347545624
4409;7016;0.9625653363764286
4409;7318;0.9700767248868942
4410;4411;0.7130813002586365
4410;4412;0.8808031976222992
4410;4413;0.9285262450575829
4410;7308;0.9711044039577246
4410;7610;0.958230759948492
4411;4412;0.7476674318313599
4411;4413;0.8486942946910858
4411;7308;0.9705123621970415
4411;7610;0.9573749527335167
4412;4413;0.6720943450927734
4412;4421;0.9469584599137306
4412;6807;0.8060806542634964
4412;6910;0.9014523401856422
4412;7016;0.974121954292059
4412;7308;0.9426692202687263
4412;7610;0.9323015436530113
4421;4501;0.7264762818813324
4421;4503;0.9014966785907745
4421;4504;0.8551025688648224
4421;4601;0.7995202094316483
4421;4602;0.7995202094316483
4421;6807;0.7264762818813324
4421;6902;0.9522505328059196
4421;6904;0.8700678497552872
4421;6905;0.9623483046889305
4421;7016;0.9607307389378548
4421;7610;0.9769731145352125
4501;4503;0.6398728489875793
4501;4504;0.47025638818740845
4503;4504;0.6042490303516388
4503;4601;0.7360440194606781
4503;4602;0.7360440194606781
4503;8421;0.9048635587096214
4504;4601;0.6117233037948608
4504;4602;0.6117233037948608
4601;4602;0
4707;4804;0.7695458829402924
4707;4810;0.839138463139534
4707;4811;0.9233237951993942
4707;4820;0.9259065762162209
4804;4805;0.7108530700206757
4804;4808;0.8735045790672302
4804;4810;0.8171397000551224
4804;4811;0.912837877869606
4804;4821;0.958004292100668
4804;8305;0.829607218503952
4805;4808;0.6927285194396973
4805;4811;0.8655913770198822
4805;4821;0.9279428198933601
4805;8305;0.7076362073421478
4808;4811;0.8794949427247047
4810;4811;0.5233403742313385
4811;4821;0.932644709944725
4814;4820;0.8910236582159996
4814;4821;0.9249463528394699
4814;5603;0.5422117412090302
4816;4821;0.7516016662120819
4817;4822;0.68986976146698
4820;4821;0.9609721414744854
4820;4911;0.8591779470443726
4820;9017;0.7516767829656601
4821;4822;0.8765409290790558
4821;6306;0.9548411667346954
4821;6804;0.9352954924106598
4821;8305;0.9046735167503357
4911;5506;0.7256787419319153
4911;9702;0.17634540796279907
5007;5111;0.6680508255958557
5007;5212;0.5378173589706421
5007;5309;0.6680508255958557
5007;5407;0.6673756241798401
5007;5513;0.5378173589706421
5105;5111;0.2747700810432434
5111;5309;0.5259584486484528
5201;5503;0.5131522119045258
5201;5506;0.5162665545940399
5211;5407;0.3056957721710205
5211;5515;0
5211;6103;0.7739490866661072
5211;8446;0.36614781618118286
5212;5407;0.28031837940216064
5212;5513;0
5309;5310;0.6005112826824188
5407;5513;0.28031837940216064
5407;5515;0.3056957721710205
5407;6103;0.8430518954992294
5407;8446;0.5599137544631958
5503;5504;0.2928932309150696
5503;5506;0.5289908647537231
5504;5506;0.6669462621212006
5506;9702;0.6669462621212006
5515;6103;0.7739490866661072
5515;8446;0.36614781618118286
5602;5901;0.48918068408966064
5605;5606;0.32692408561706543
5605;7315;0.8309812843799591
5605;7320;0.7332100570201874
5606;7315;0.7488860785961151
5606;7320;0.6036257445812225
5607;6305;0.748456597328186
5607;6911;0.8245916813611984
5701;5702;0.5825107395648956
5701;5703;0.6959438323974609
5701;5704;0.5620706975460052
5701;6306;0.8971465528011322
5702;5703;0.5927630364894867
5702;5704;0.41346031427383423
5702;6306;0.8622434586286545
5703;5704;0.3056957721710205
5703;6306;0.6617287993431091
5704;6306;0.7651368826627731
5909;6906;0.7701443880796432
5909;8420;0.36253637075424194
6102;6103;0.6691411733627319
6102;6104;0.4039298892021179
6102;6105;0.2968551516532898
6102;6106;0.39124494791030884
6102;6107;0.8120744079351425
6102;6108;0.8764646127820015
6102;6109;0.7895275056362152
6102;6110;0.7429736256599426
6102;6203;0.8238705396652222
6102;9109;0.5104662775993347
6103;6104;0.6063392460346222
6103;6105;0.4544790983200073
6103;6106;0.5514005422592163
6103;6107;0.8405002504587173
6103;6108;0.8413959890604019
6103;6109;0.821821391582489
6103;6110;0.6766625344753265
6103;6112;0.8882481455802917
6103;6117;0.8228684663772583
6103;6203;0.8279474824666977
6103;6209;0.8750871419906616
6103;6307;0.8271650224924088
6103;6309;0.75557442009449
6103;8446;0.8567171394824982
6104;6105;0.3849666118621826
6104;6106;0.26900845766067505
6104;6107;0.6630381941795349
6104;6108;0.7048579156398773
6104;6109;0.8745436370372772
6104;6110;0.701935738325119
6104;6112;0.8469170778989792
6104;6117;0.7573569267988205
6104;6203;0.8950144946575165
6104;6204;0.8415208607912064
6104;6207;0.7950596809387207
6104;6209;0.8288885205984116
6104;6212;0.8876776397228241
6104;9109;0.7082035839557648
6105;6106;0.3039515018463135
6105;6107;0.6101224720478058
6105;6108;0.6568455696105957
6105;6109;0.7120778560638428
6105;6110;0.4775129556655884
6105;6112;0.8194181025028229
6105;6203;0.7219771444797516
6105;6209;0.7981509864330292
6105;9109;0.6557869017124176
6106;6107;0.7011043131351471
6106;6108;0.7027828693389893
6106;6110;0.5922466218471527
6106;6112;0.7905818074941635
6106;6117;0.6680630743503571
6106;6209;0.7659186571836472
6106;9109;0.6008210778236389
6107;6108;0.6117115318775177
6107;6109;0.843942329287529
6107;6110;0.8094243258237839
6107;6204;0.7915050685405731
6107;6207;0.7303808033466339
6107;6209;0.7748859822750092
6107;6212;0.6481156647205353
6107;6302;0.8534904271364212
6107;6307;0.6885222494602203
6107;9109;0.6161130964756012
6108;6109;0.8974134102463722
6108;6110;0.7494450807571411
6108;6112;0.8676098734140396
6108;6204;0.8629430830478668
6108;6207;0.6199924647808075
6108;6208;0.8570675998926163
6108;6209;0.8520183116197586
6108;6212;0.9028606787323952
6108;6302;0.903689980506897
6108;9109;0.74764683842659
6109;6110;0.5963769555091858
6109;6112;0.7191942036151886
6109;6201;0.5934800803661346
6109;6202;0.5934800803661346
6109;6203;0.5333585739135742
6109;6205;0.5934800803661346
6109;6206;0.5934800803661346
6110;6112;0.7395580410957336
6110;6201;0.5035629868507385
6110;6202;0.5035629868507385
6110;6203;0.8311182856559753
6110;6205;0.5035629868507385
6110;6206;0.5035629868507385
6112;6114;0.826397642493248
6112;6203;0.5300272107124329
6114;6203;0.7748575806617737
6114;6302;0.904083326458931
6117;6211;0.6979279518127441
6117;6217;0.6732548773288727
6117;7116;0.34538257122039795
6117;9004;0.8249937742948532
6117;9101;0.7884405702352524
6201;6202;0
6201;6203;0.6598123908042908
6201;6205;0
6201;6206;0
6202;6203;0.6598123908042908
6202;6205;0
6202;6206;0
6203;6205;0.6598123908042908
6203;6206;0.6598123908042908
6203;6302;0.8701681643724442
6203;6402;0.8276356011629105
6203;6403;0.8703067004680634
6204;6207;0.6393310725688934
6204;6212;0.8023269027471542
6204;6217;0.7153991460800171
6204;9004;0.8475664407014847
6204;9101;0.815727949142456
6205;6206;0
6207;6208;0.6238695681095123
6207;6212;0.7443752884864807
6211;6217;0.7696731686592102
6211;7116;0.5385517776012421
6211;9004;0.8766358718276024
6211;9101;0.8508690446615219
6217;7116;0.5008609592914581
6217;9004;0.7110119462013245
6217;9101;0.6506515741348267
6302;6307;0.7648153454065323
6305;6911;0.8901785537600517
6306;6804;0.8616169095039368
6306;7308;0.9750444982200861
6307;6309;0.2928932309150696
6402;6403;0.5811074078083038
6402;6404;0.651057243347168
6402;6405;0.36681509017944336
6402;6406;0.7305686473846436
6403;6404;0.8789600059390068
6403;6405;0.6904270350933075
6403;6406;0.5342832505702972
6404;6405;0.36578571796417236
6404;6406;0.7400995492935181
6405;6406;0.6935596466064453
6802;6902;0.9192565232515335
6802;6904;0.9064579010009766
6802;6905;0.9363316744565964
6802;6914;0.8991595581173897
6802;7114;0.6062794327735901
6802;7308;0.973063001409173
6802;9101;0.8626208454370499
6802;9105;0.8072161078453064
6802;9113;0.7932424396276474
6804;6805;0.6524271070957184
6804;6907;0.7150672674179077
6804;8460;0.8088755011558533
6804;8461;0.7103401124477386
6804;8486;0.791400596499443
6805;6907;0.6394264400005341
6813;7208;0.8228119164705276
6813;8421;0.8829318135976791
6813;8455;0.6236304342746735
6813;8482;0.8880262523889542
6813;8483;0.9232902377843857
6813;8505;0.9118981510400772
6814;7013;0.6056651473045349
6902;6904;0.41371333599090576
6902;6905;0.5188342928886414
6902;6914;0.8723127990961075
6902;7016;0.625067263841629
6902;7308;0.8681622743606567
6902;7601;0.9342520833015442
6902;7606;0.925521045923233
6902;7607;0.8810795918107033
6902;7610;0.8336198180913925
6902;9406;0.7552040219306946
6904;6905;0.4175766110420227
6904;6914;0.852073147892952
6904;7016;0.5584902465343475
6904;7308;0.824241116642952
6904;7610;0.8363374471664429
6904;9406;0.7164015173912048
6905;6906;0.9510401338338852
6905;6914;0.8993153274059296
6905;7016;0.6657251417636871
6905;7307;0.9282216727733612
6905;7308;0.8803717792034149
6905;7609;0.8458683788776398
6905;7610;0.8688049018383026
6905;8416;0.8458683788776398
6905;8480;0.9299065694212914
6905;8531;0.9636781327426434
6905;9032;0.9597622156143188
6905;9406;0.80697201192379
6906;7307;0.7488082647323608
6906;7609;0.6823502779006958
6906;8416;0.6823502779006958
6906;8420;0.6394216120243073
6906;8531;0.9251442924141884
6906;9032;0.917073979973793
6907;6914;0.8081891685724258
6910;7016;0.9598511978983879
6910;7308;0.9600798450410366
6910;7610;0.9658371433615685
6911;7323;0.8373149186372757
6911;7418;0.6372785568237305
6911;8214;0.8303101360797882
6911;8516;0.9345810264348984
6914;7308;0.9574020095169544
6914;8439;0.9167004600167274
7003;7005;0.4303300380706787
7003;7007;0.5589390695095062
7003;7008;0.6339337825775146
7003;7016;0.9000514671206474
7003;9405;0.9003024473786354
7004;7007;0.7074138820171356
7004;7009;0.7093989253044128
7004;7016;0.894108772277832
7005;7007;0.7487408220767975
7005;7008;0.6571159064769745
7007;7008;0.8385424911975861
7007;7009;0.8615926206111908
7007;7016;0.7836998105049133
7007;9405;0.956027302891016
7008;7016;0.9398410245776176
7008;7019;0.8055346310138702
7008;9405;0.9399920888245106
7009;7016;0.889429971575737
7009;8506;0.8159787952899933
7009;9002;0.3947224020957947
7011;8513;0.5565250217914581
7011;9405;0.8103451281785965
7013;7016;0.9241220653057098
7013;8208;0.8125774711370468
7015;9004;0.6175990402698517
7016;7308;0.8163288235664368
7016;7318;0.9733831007033587
7016;7604;0.9367864280939102
7016;7606;0.9429919049143791
7016;7608;0.9178917333483696
7016;7610;0.730638325214386
7016;9405;0.9648713655769825
7016;9406;0.5683751106262207
7114;9101;0.6510744690895081
7114;9105;0.5103535056114197
7114;9113;0.47486215829849243
7116;9004;0.7326587736606598
7116;9101;0.6768197417259216
7202;7216;0.6885422468185425
7202;7308;0.9238737970590591
7205;7218;0.36614781618118286
7205;7222;0
7205;8311;0.7372352480888367
7205;8462;0.7054724097251892
7206;7208;0.6104943156242371
7209;7210;0.37808656692504883
7209;7229;0.37808656692504883
7209;7403;0
7209;7502;0.33258163928985596
7209;7601;0.7481496334075928
7210;7229;0.613223671913147
7210;7403;0.37808656692504883
7210;7502;0.5849235355854034
7210;7601;0.8433708697557449
7216;7306;0.8885541260242462
7216;7308;0.9762899037450552
7218;7222;0.36614781618118286
7218;8311;0.8334459960460663
7218;8462;0.8133130520582199
7222;8311;0.7372352480888367
7222;8462;0.7054724097251892
7223;7508;0.5223836302757263
7223;8468;0.6548384726047516
7223;8545;0
7224;7604;0.7303599119186401
7225;8482;0.6404097378253937
7229;7403;0.37808656692504883
7229;7502;0.5849235355854034
7229;7601;0.8433708697557449
7301;7612;0.708241194486618
7301;8311;0.8416404277086258
7301;8515;0.828343540430069
7304;7305;0.7484210729598999
7304;7308;0.9789248928427696
7304;8421;0.939380407333374
7305;7306;0.6917167603969574
7307;7609;0.8273029774427414
7307;8416;0.8273029774427414
7307;8531;0.9593031071126461
7307;9032;0.9549155086278915
7308;7315;0.9795530550181866
7308;7318;0.9869354953989387
7308;7409;0.9636489562690258
7308;7606;0.9729619845747948
7308;7610;0.7340758144855499
7308;8407;0.9789202269166708
7308;9401;0.9847285253927112
7308;9405;0.9836970642209053
7308;9406;0.8240047693252563
7310;7612;0.7494948506355286
7312;7408;0.8960600718855858
7312;7413;0.7695171236991882
7312;7505;0.7695171236991882
7312;7614;0.7695171236991882
7312;8535;0.9428632073104382
7312;8536;0.9484838880598545
7315;7320;0.9004649147391319
7315;7610;0.9704434778541327
7317;8440;0.6979371905326843
7318;7415;0.7466058433055878
7318;8203;0.8430184125900269
7318;8432;0.9819726124405861
7318;9405;0.9678749777376652
7320;8448;0.760088250041008
7323;8214;0.6916822493076324
7403;7502;0.33258163928985596
7403;7601;0.7481496334075928
7405;7407;0.3519704341888428
7405;7408;0.562970370054245
7405;7409;0.6164374351501465
7405;7410;0.37808656692504883
7405;7411;0
7407;7408;0.7167918682098389
7407;7409;0.7514401078224182
7407;7410;0.5969817042350769
7407;7411;0.3519704341888428
7407;7419;0.6952581405639648
7408;7409;0.8323718011379242
7408;7410;0.7282054126262665
7408;7411;0.562970370054245
7408;7413;0.5490340292453766
7408;7505;0.5490340292453766
7408;7614;0.5490340292453766
7409;7410;0.7614572942256927
7409;7411;0.6164374351501465
7410;7411;0.37808656692504883
7413;7505;0
7413;7614;0
7415;8203;0.6634406447410583
7418;7615;0.6647940874099731
7419;7508;0.8107403665781021
7501;8105;0.5517131686210632
7501;8468;0.8591810464859009
7502;7601;0.6226499080657959
7505;7614;0
7508;8468;0.8351452052593231
7508;8545;0.5223836302757263
7601;7603;0.8826320469379425
7601;7604;0.9246679693460464
7601;7605;0.7551065683364868
7601;7606;0.7819239050149918
7601;7607;0.7602730393409729
7601;7608;0.8043020814657211
7601;7610;0.9475916177034378
7601;7615;0.8645239472389221
7603;7605;0.5207386612892151
7603;7606;0.8670461028814316
7603;7608;0.8085076361894608
7603;7610;0.9487178772687912
7604;7606;0.6029495000839233
7604;7607;0.6988781690597534
7604;7608;0.7386781573295593
7604;7610;0.886678896844387
7604;7615;0.829828068614006
7604;8483;0.9434928186237812
7605;7606;0.7225857973098755
7605;7608;0.6004427075386047
7605;7610;0.8929975777864456
7606;7607;0.5797564387321472
7606;7608;0.653488427400589
7606;7610;0.829035222530365
7606;7615;0.8465333133935928
7607;7608;0.8230173885822296
7607;7610;0.9526036195456982
7607;7615;0.7549600154161453
7608;7610;0.8663457930088043
7608;7615;0.7789632678031921
7609;8416;0
7609;8531;0.7643451392650604
7609;9032;0.7389388084411621
7610;7615;0.9408058188855648
7610;9406;0.7827467173337936
7615;8212;0.6313233077526093
7615;8435;0.7795616537332535
7615;8516;0.8885246738791466
8208;8211;0.6969064176082611
8209;8311;0.7007218897342682
8210;8439;0.7380311489105225
8211;8212;0.6056267619132996
8212;8435;0.7489090263843536
8212;8516;0.8730236887931824
8214;9029;0.6239010989665985
8311;8462;0.9226085320115089
8311;8468;0.8864950984716415
8406;8410;0.5973939299583435
8406;8411;0.5147731900215149
8406;8412;0.8353883475065231
8406;8421;0.8863562121987343
8406;8516;0.9053512364625931
8407;8408;0.4413865804672241
8407;8409;0.7218433320522308
8407;8410;0.8526836931705475
8407;8412;0.7044908106327057
8407;8511;0.7148620784282684
8407;9401;0.9478309713304043
8408;8409;0.7137166857719421
8408;8410;0.9313928782939911
8408;8412;0.6958571970462799
8408;8511;0.5794766843318939
8408;8701;0.9353816956281662
8409;8412;0.6355004608631134
8410;8411;0.7100313305854797
8410;8412;0.5716550350189209
8410;8421;0.9320871457457542
8410;8511;0.9119085818529129
8410;8516;0.943438459187746
8410;9032;0.9120264053344727
8411;8421;0.7657924443483353
8412;8511;0.8892663717269897
8416;8531;0.7643451392650604
8416;9032;0.7389388084411621
8422;8515;0.6931617558002472
8424;8432;0.964163027703762
8424;8515;0.9058311283588409
8424;8540;0.7618048787117004
8432;8701;0.7227126955986023
8432;9018;0.9867184227332473
8432;9405;0.9775039795786142
8435;8461;0.7610534876585007
8435;8516;0.924078606069088
8445;8451;0.6821983754634857
8445;8477;0.8332324326038361
8451;8477;0.7891704738140106
8455;8482;0.7024898827075958
8455;8505;0.7659166604280472
8460;8462;0.8919053226709366
8460;8486;0.8420445621013641
8460;8515;0.9057836532592773
8462;8515;0.9243909269571304
8465;8477;0.7614757418632507
8465;8480;0.7684502154588699
8466;8515;0.6901365518569946
8468;8545;0.6548384726047516
8475;8486;0.8130106180906296
8477;8480;0.874431848526001
8482;8483;0.76343734562397
8482;8505;0.9303578361868858
8483;8505;0.952290304005146
8483;8714;0.914998434484005
8506;8507;0.7614753395318985
8507;8609;0.7458217442035675
8508;8509;0.6656728982925415
8508;8514;0.7952494472265244
8508;8516;0.7550100982189178
8509;8514;0.7539465725421906
8509;8516;0.8718411028385162
8511;8535;0.9322309643030167
8511;8536;0.9262277483940125
8511;9030;0.7456926703453064
8513;9405;0.7022509872913361
8514;8516;0.8297459334135056
8518;8535;0.921484112739563
8518;8540;0.7332100570201874
8531;9032;0.938479658216238
8535;8536;0.7193001806735992
8535;8540;0.8666736036539078
8601;8603;0.613135427236557
8701;9018;0.977900767698884
8704;8705;0.6683927476406097
8704;8706;0.6628250479698181
8705;8803;0.956028874963522
8705;8805;0.942495871335268
8715;9401;0.7785774916410446
8803;8805;0.7784496545791626
8901;8902;0.7190085053443909
8901;8903;0.933062456548214
8901;8905;0.9409615322947502
8901;8906;0.8001566380262375
8902;8904;0.5378173589706421
8902;8905;0.8821310997009277
8902;8906;0.6288773119449615
8903;8905;0.9355446621775627
8903;8906;0.9028126150369644
8904;8905;0.7449733316898346
8904;8906;0.6154643893241882
8905;8906;0.5794118344783783
9003;9004;0.6306349039077759
9004;9101;0.8128873556852341
9005;9011;0.5051474869251251
9011;9018;0.915099523961544
9011;9022;0.7489452362060547
9013;9301;0.6992622315883636
9018;9022;0.7190879881381989
9101;9102;0.7201833426952362
9101;9105;0.8291498422622681
9101;9113;0.5886516869068146
9105;9113;0.7428681254386902
9301;9303;0.7475934624671936
9301;9305;0.8009176999330521
9301;9306;0.858048677444458
9303;9305;0.7668569684028625
9303;9306;0.8337624073028564
9305;9306;0.5779269635677338
9401;9405;0.9560951814055443
9401;9406;0.9363934174180031
9405;9406;0.9368016496300697
9503;9504;0.7276569604873657
9503;9508;0.6802488565444946
9504;9508;0.5823480486869812
0103;0102;0.6781845688819885
0104;0102;0.7598829120397568
0201;0102;0.9278754219412804
0202;0102;0.908358097076416
0203;0102;0.9202380105853081
0204;0102;0.9577935971319675
0206;0102;0.9624802656471729
0207;0102;0.9647641852498055
0709;0102;0.9371813982725143
1104;0102;0.9512059241533279
1601;0102;0.9718848001211882
0104;0103;0.5499888360500336
0201;0103;0.965419340878725
0202;0103;0.9560616202652454
0203;0103;0.89809300750494
0204;0103;0.9503173902630806
0206;0103;0.9558342285454273
0709;0103;0.9135440140962601
1104;0103;0.9425628110766411
1601;0103;0.966904629021883
1602;0103;0.9183529615402222
0201;0104;0.9599790833890438
0202;0104;0.9491491988301277
0203;0104;0.9557411931455135
0204;0104;0.9425012841820717
0206;0104;0.9488860331475735
0207;0104;0.9402399957180023
1104;0104;0.9335267469286919
1601;0104;0.9616980403661728
1602;0104;0.964540209621191
0202;0201;0.5500732362270355
0203;0201;0.6442539095878601
0204;0201;0.6809923648834229
0206;0201;0.7513179779052734
0207;0201;0.8347484618425369
0402;0201;0.9798167459666729
0403;0201;0.9487043917179108
0405;0201;0.9746901281177998
0709;0201;0.9273956343531609
0203;0202;0.38981127738952637
0204;0202;0.4765346050262451
0206;0202;0.5790083706378937
0207;0202;0.79003044962883
0402;0202;0.9743550438433886
0403;0202;0.9709673076868057
0405;0202;0.9678411334753036
0204;0203;0.41043537855148315
0206;0203;0.5229715704917908
0207;0203;0.7634637206792831
0303;0203;0.9381285905838013
0304;0203;0.9424585402011871
0206;0204;0.4431578516960144
0207;0204;0.8102705180644989
0207;0206;0.7069469392299652
0303;0206;0.9285454526543617
0304;0206;0.9335460588335991
0709;0206;0.9560426287353039
0302;0207;0.9670819453895092
0303;0207;0.9538841806352139
0304;0207;0.9571115076541901
0306;0207;0.9716844819486141
0307;0207;0.95972615852952
0802;0207;0.9592880979180336
0303;0301;0.7354706525802612
0306;0301;0.6395258009433746
0307;0301;0.756953626871109
0303;0302;0.8687434643507004
0304;0302;0.7558583915233612
0305;0302;0.8757548704743385
0306;0302;0.6486647427082062
0307;0302;0.6208843290805817
0308;0302;0.5559942126274109
0802;0302;0.8904376104474068
0304;0303;0.6837574243545532
0306;0303;0.8870954886078835
0307;0303;0.8394132107496262
0308;0303;0.7043810486793518
0706;0303;0.8493972420692444
0305;0304;0.717203289270401
0306;0304;0.7899937778711319
0307;0304;0.8506515622138977
0308;0304;0.4501386880874634
0306;0305;0.8931265696883202
0307;0305;0.8479913622140884
0307;0306;0.41560423374176025
0308;0306;0.6180741786956787
0802;0306;0.9057563990354538
0308;0307;0.7283888757228851
0713;0307;0.7972691655158997
0802;0307;0.8659550696611404
0810;0307;0.8561320900917053
0402;0401;0.4690372347831726
0403;0401;0.6151070892810822
0404;0401;0.7270750999450684
0405;0401;0.5895383954048157
0406;0401;0.7873036116361618
0408;0401;0.9074753746390343
0901;0401;0.9677081480622292
0902;0401;0.9667598567903042
0403;0402;0.7245403230190277
0404;0402;0.7874085307121277
0405;0402;0.6181691884994507
0406;0402;0.8513520509004593
0408;0402;0.9081365242600441
0901;0402;0.9679388962686062
0902;0402;0.9669973812997341
0404;0403;0.6932291984558105
0405;0403;0.7225005626678467
0406;0403;0.8342817574739456
0709;0403;0.9607414901256561
0406;0404;0.9647271074354649
0406;0405;0.7520784735679626
0409;0405;0.9142803698778152
0409;0406;0.9636232778429985
0704;0701;0.6211639046669006
0706;0701;0.8692345768213272
0709;0701;0.913031131029129
0706;0702;0.7688813507556915
0711;0702;0.7717598378658295
0706;0705;0.7361727058887482
0709;0705;0.8647382855415344
0709;0706;0.7295642197132111
0713;0706;0.781186893582344
0811;0706;0.8006466627120972
0711;0709;0.8170123249292374
0712;0709;0.8767879456281662
0713;0709;0.7918660044670105
0811;0709;0.8977934569120407
0714;0712;0.477161169052124
0802;0712;0.7905107885599136
0803;0712;0.7096959054470062
0805;0712;0.7546423226594925
0810;0713;0.8272127658128738
0802;0714;0.599323570728302
0803;0714;0.4447541832923889
0805;0714;0.5307202637195587
0802;0801;0.761652871966362
0806;0801;0.7257476449012756
0901;0801;0.8464427590370178
0904;0801;0.749603271484375
0905;0801;0.6105463206768036
0910;0801;0.8559120744466782
0803;0802;0.7775260955095291
0805;0802;0.811970666050911
0806;0802;0.8440845310688019
0810;0802;0.8545672297477722
0901;0802;0.9127010256052017
0904;0802;0.857646718621254
0905;0802;0.7785913050174713
0910;0802;0.9180844351649284
0805;0803;0.4594728946685791
0806;0803;0.7249568998813629
0807;0803;0.6273891031742096
0809;0803;0.5754677951335907
0806;0805;0.7675405293703079
0807;0805;0.6850786805152893
0813;0805;0.48871028423309326
0910;0805;0.8671003133058548
0807;0806;0.6906112730503082
0810;0806;0.7979600578546524
0901;0806;0.8995500802993774
0904;0806;0.8362022489309311
0905;0806;0.7452377378940582
0910;0806;0.9057444632053375
0809;0808;0.2928932309150696
0810;0808;0.6347185373306274
0810;0809;0.7417069971561432
0910;0813;0.8748983293771744
0902;0901;0.6413342654705048
0904;0901;0.9082876443862915
0905;0901;0.8573554903268814
0910;0901;0.9472251757979393
0905;0904;0.7673980444669724
0906;0904;0.5920756757259369
0907;0904;0.5920756757259369
0908;0904;0.5920756757259369
0910;0904;0.5763773620128632
0910;0905;0.8661518692970276
0907;0906;0
0908;0906;0
0910;0906;0.7652646154165268
0908;0907;0
0910;0907;0.7652646154165268
0910;0908;0.7652646154165268
0102;1001;0.9261737391352654
1002;1001;0.896230585873127
1003;1001;0.6897876262664795
1004;1001;0.7240749299526215
1005;1001;0.7753121703863144
1006;1001;0.7890930771827698
1007;1001;0.8330670297145844
1101;1001;0.9541988521814346
1102;1001;0.9525325857102871
1201;1001;0.9045611768960953
1205;1001;0.7579574733972549
1206;1001;0.8981592953205109
1207;1001;0.91774582862854
1209;1001;0.9048769623041153
1210;1001;0.8021094053983688
1212;1001;0.8503080755472183
1701;1001;0.9102171882987022
3102;1001;0.9640562981367111
3105;1001;0.935928612947464
1003;1002;0.631737619638443
1004;1002;0.5084894001483917
1005;1002;0.6207508444786072
1006;1002;0.8541723638772964
3102;1002;0.9090842679142952
3105;1002;0.8379383087158203
1004;1003;0.3781665563583374
1005;1003;0.7191685438156128
1006;1003;0.5604428648948669
1007;1003;0.7721818387508392
1101;1003;0.9109741672873497
1102;1003;0.9077353551983833
1205;1003;0.865306094288826
3102;1003;0.9438802115619183
3105;1003;0.899963766336441
1005;1004;0.6440627574920654
1006;1004;0.7461789846420288
1007;1004;0.6959367990493774
1201;1004;0.8011187463998795
1205;1004;0.8551622182130814
1206;1004;0.7877781242132187
1207;1004;0.8285937458276749
1210;1004;0.5876234769821167
3102;1004;0.9250983148813248
3105;1004;0.866484135389328
0102;1005;0.9574597328901291
0103;1005;0.9499243870377541
0104;1005;0.9420464523136616
0204;1005;0.9713594391942024
0405;1005;0.9609744772315025
0406;1005;0.9834387917071581
0408;1005;0.8679718375205994
1006;1005;0.8831578195095062
1007;1005;0.8600296825170517
1101;1005;0.953217551112175
1103;1005;0.7108882069587708
1104;1005;0.7252521812915802
1105;1005;0.7591233551502228
1201;1005;0.9084483981132507
1205;1005;0.7678158730268478
1206;1005;0.9023072719573975
1207;1005;0.9210960492491722
1210;1005;0.8101694881916046
1212;1005;0.856405034661293
1701;1005;0.9138740450143814
3102;1005;0.9655202850699425
3105;1005;0.9385382421314716
8901;1005;0.9492510668933392
8903;1005;0.9445947706699371
8905;1005;0.951132956892252
8906;1005;0.9263170436024666
1007;1006;0.5603555738925934
1102;1006;0.9169551730155945
1104;1006;0.9121279120445251
1209;1006;0.8663231432437897
1902;1006;0.9249656349420547
3102;1006;0.9494881480932236
3105;1006;0.9099601805210114
1209;1007;0.6959432661533356
0405;1101;0.9591814056038857
0406;1101;0.9826778676360846
1102;1101;0.7220982313156128
1103;1101;0.8578451126813889
1104;1101;0.8959454894065857
1205;1101;0.9187096282839775
1206;1101;0.8808902204036713
1901;1101;0.8545400649309158
1904;1101;0.9210833385586739
8432;1101;0.9774816129356623
1103;1102;0.9236934408545494
1104;1102;0.8143470585346222
1902;1102;0.939583070576191
1904;1102;0.716490775346756
0405;1103;0.9428353980183601
0406;1103;0.9757411349564791
0810;1103;0.8776417449116707
1104;1103;0.4607040286064148
0202;1104;0.9709471948444843
0203;1104;0.9747134260833263
0204;1104;0.9671490117907524
0206;1104;0.9707968402653933
0401;1104;0.9662350937724113
0403;1104;0.9620478451251984
0801;1104;0.8001107573509216
1205;1104;0.9108550548553467
1206;1104;0.8693813979625702
1207;1104;0.894502654671669
1601;1104;0.9781167767941952
1904;1104;0.8321824669837952
8432;1104;0.9753058049827814
1209;1108;0.7119515836238861
1212;1108;0.47002077102661133
1701;1108;0.3900117874145508
3505;1108;0.6349299252033234
0713;1201;0.7009494304656982
1205;1201;0.8306099623441696
1206;1201;0.7518032193183899
1207;1201;0.799537718296051
1210;1201;0.5177192687988281
1206;1205;0.3175172209739685
1207;1205;0.8540108054876328
1210;1205;0.6487729549407959
1212;1205;0.7343186140060425
1701;1205;0.8406485766172409
8432;1205;0.9601663686335087
1207;1206;0.7860910445451736
1210;1206;0.48536866903305054
8432;1206;0.9416342340409756
0401;1207;0.9355436936020851
0403;1207;0.9275503531098366
0701;1207;0.845972940325737
0706;1207;0.8179448246955872
0801;1207;0.7245329320430756
0802;1207;0.6440382897853851
0806;1207;0.8198024034500122
0810;1207;0.8319176733493805
0901;1207;0.8991051688790321
0904;1207;0.8354767560958862
0905;1207;0.7441093325614929
0910;1207;0.9053269922733307
1210;1207;0.5843452513217926
1904;1207;0.8448469340801239
0901;1209;0.888623408973217
0902;1209;0.8853526934981346
1701;1209;0.8242938667535782
2101;1209;0.8193560093641281
3505;1209;0.7804117947816849
1701;1212;0.40021610260009766
1515;1301;0.6042771935462952
3307;1301;0.751104399561882
1509;1501;0.5878083109855652
1511;1501;0.27811819314956665
1511;1504;0.7542451322078705
1513;1504;0.7949663549661636
1515;1504;0.859467476606369
0405;1505;0.8154721558094025
1517;1505;0.36614781618118286
1509;1507;0.6048613786697388
1513;1507;0.4226497411727905
1515;1507;0.6042771935462952
1511;1509;0.702446311712265
1513;1509;0.5437332093715668
1514;1509;0.5705164968967438
1515;1509;0.5309038758277893
1704;1509;0.9002725780010223
1806;1509;0.9476259909570217
2101;1509;0.8403964191675186
1513;1511;0.6004641652107239
1515;1511;0.7261533439159393
1514;1513;0.686233639717102
1515;1513;0.31458795070648193
1515;1514;0.5698815286159515
3307;1515;0.9015063345432281
0405;1517;0.8830366283655167
0201;1601;0.9291128367185593
0202;1601;0.8855709582567215
0203;1601;0.8511282056570053
0204;1601;0.8916927501559258
0206;1601;0.8500851541757584
0207;1601;0.9185476303100586
0305;1601;0.9014784693717957
1602;1601;0.7019714415073395
1604;1601;0.9755223039537668
1605;1601;0.9502032250165939
0201;1602;0.8635999262332916
0202;1602;0.7728132009506226
0203;1602;0.6708689033985138
0204;1602;0.832836389541626
0206;1602;0.7976606637239456
0207;1602;0.8616250604391098
0303;1602;0.9504291377961636
0304;1602;0.9538982585072517
0406;1602;0.9881524397060275
1604;1602;0.9292514771223068
1605;1602;0.9498332552611828
2007;1602;0.9678208753466606
0201;1604;0.9744237679988146
0202;1604;0.9675026945769787
0203;1604;0.9483393877744675
0206;1604;0.9730032682418823
0207;1604;0.9825766663998365
0302;1604;0.9382625371217728
0303;1604;0.9375625737011433
0304;1604;0.7165805399417877
0305;1604;0.7651640772819519
0306;1604;0.9410784542560577
1605;1604;0.692500501871109
2001;1604;0.9077451899647713
0302;1605;0.8991135284304619
0304;1605;0.5891872942447662
0305;1605;0.649420291185379
0306;1605;0.913219265639782
0308;1605;0.772781178355217
1902;1605;0.9030449390411377
2001;1605;0.830845057964325
1702;1701;0.7762102782726288
3505;1701;0.7773115485906601
0409;1702;0.7624089568853378
0406;1704;0.9734247922897339
1806;1704;0.7355294227600098
2101;1704;0.8904683887958527
1805;1803;0.7434941232204437
1806;1803;0.7743809819221497
0802;1805;0.7386549115180969
1806;1805;0.9192314147949219
0401;1806;0.982813173905015
0402;1806;0.9829359855502844
0901;1806;0.9700654800981283
0902;1806;0.9691864158958197
2007;1806;0.9658344686031342
2101;1806;0.8939256966114044
2202;1806;0.965857483446598
1902;1901;0.7035579681396484
0405;1902;0.951369896531105
0709;1902;0.9468812458217144
1904;1902;0.9059809520840645
2005;1902;0.8870546221733093
0303;1904;0.8633354008197784
0306;1904;0.8931804671883583
0401;1904;0.9503425508737564
0403;1904;0.9441844448447227
0706;1904;0.8754552826285362
2007;1904;0.9212216064333916
2005;2001;0.7574212849140167
0709;2005;0.8990025222301483
0811;2006;0.7510006427764893
2007;2006;0.8572302758693695
0207;2007;0.9700637310743332
0303;2007;0.9047390893101692
0401;2007;0.9631439447402954
0402;2007;0.9634073078632355
0403;2007;0.9554896615445614
0706;2007;0.9131871536374092
0811;2007;0.8739028424024582
2008;2007;0.6986864805221558
0401;2008;0.9218261986970901
0402;2008;0.9223848059773445
0401;2101;0.9476251788437366
0402;2101;0.9479994364082813
0901;2101;0.7926548570394516
0902;2101;0.786565899848938
2202;2101;0.7360442578792572
0401;2202;0.9631687738001347
0402;2202;0.9634319581091404
0901;2202;0.8717011511325836
0902;2202;0.8679334819316864
2601;2502;0.37808656692504883
7202;2502;0
7216;2502;0.6885422468185425
7308;2502;0.9238737970590591
2507;2505;0.8349728435277939
2508;2505;0.8681522160768509
2516;2505;0.8961237072944641
2517;2505;0.8273161947727203
2522;2505;0.919486790895462
2523;2505;0.778804823756218
2508;2507;0.39546751976013184
2517;2507;0.9419717788696289
2512;2508;0.5848649740219116
2517;2508;0.9485611021518707
2712;2508;0.813745766878128
2511;2510;0.6104943156242371
2520;2511;0.5
6804;2513;0.6747426986694336
8460;2513;0.7537089735269547
8486;2513;0.7311900854110718
2517;2516;0.5430825352668762
2522;2516;0.9508040808141232
2523;2516;0.7998409122228622
3922;2516;0.9754711296409369
4412;2516;0.9747364390641451
6902;2516;0.9581946320831776
6904;2516;0.9515680745244026
6905;2516;0.9670353792607784
6910;2516;0.9608045518398285
7016;2516;0.938163485378027
7308;2516;0.9575528427958488
2522;2517;0.9074918180704117
2523;2517;0.7784520089626312
3922;2517;0.9706982783973217
6902;2517;0.9569504298269749
6904;2517;0.9501266553997993
6905;2517;0.9660542942583561
6910;2517;0.9774442370980978
7016;2517;0.9063757136464119
7308;2517;0.9309511855244637
7610;2517;0.9391699358820915
9406;2517;0.9714085571467876
2836;2519;0.20817071199417114
2522;2520;0.7639814764261246
2523;2521;0.7218166887760162
6806;2521;0.7275571525096893
2523;2522;0.7717944532632828
3214;2523;0.8774891272187233
3922;2523;0.9625378362834454
4421;2523;0.9455768428742886
6806;2523;0.9242109432816505
6902;2523;0.9531495235860348
6904;2523;0.9457232691347599
6905;2523;0.9630571827292442
7016;2523;0.9614700712263584
7202;2601;0.37808656692504883
7216;2601;0.8063002377748489
7308;2601;0.952656090259552
2609;2604;0.3525896668434143
3919;2604;0.8344819098711014
9612;2604;0.45884305238723755
3919;2609;0.8928418755531311
9612;2609;0.6496493816375732
2617;2616;0.8940267786383629
2620;2616;0.8412894755601883
2621;2616;0.7294694185256958
2620;2617;0.637317031621933
2621;2617;0.6082763671875
7308;2617;0.9733505472540855
7502;2617;0.7894199192523956
7601;2617;0.9205375909805298
7604;2617;0.9001870006322861
8483;2617;0.9547302313148975
2621;2620;0.4133360981941223
6802;2701;0.6267485022544861
6902;2701;0.783675417304039
6904;2701;0.7493858933448792
6905;2701;0.8294224441051483
6914;2701;0.7298324704170227
7308;2701;0.9278315082192421
2709;2705;0.8463054299354553
2710;2705;0.597408264875412
2711;2705;0.5613712966442108
2804;2705;0.7894109487533569
2709;2707;0.5966779291629791
2713;2707;0.4795888066291809
3208;2707;0.8821514546871185
3209;2707;0.8461654335260391
3403;2707;0.7065516710281372
2713;2709;0.7901066839694977
3208;2709;0.9524690806865692
3209;2709;0.9379551261663437
3403;2709;0.8816458135843277
2711;2710;0.6357979774475098
2712;2710;0.856905996799469
2713;2710;0.7893895506858826
2804;2710;0.9375648871064186
3215;2710;0.9267518892884254
3401;2710;0.9627731256186962
3402;2710;0.952575646340847
3403;2710;0.928979218006134
3819;2710;0.9304865896701813
3826;2710;0.8189253658056259
4821;2710;0.9776439554989338
6306;2710;0.9521872811019421
6804;2710;0.931492954492569
8406;2710;0.9216080605983734
8410;2710;0.9531534388661385
8412;2710;0.9411124289035797
2712;2711;0.9274712279438972
2713;2711;0.8932497724890709
2804;2711;0.8674644976854324
2811;2711;0.901729092001915
2853;2711;0.8091500699520111
8609;2711;0.9246188700199127
2713;2712;0.5045821964740753
3208;2713;0.9386702999472618
3209;2713;0.9199427738785744
3403;2713;0.8472862094640732
3208;2715;0.8639070391654968
3209;2715;0.822349950671196
3215;2715;0.6504944860935211
2811;2804;0.8147944509983063
2853;2804;0.6403160691261292
3306;2804;0.906804047524929
6905;2804;0.9556010589003563
6906;2804;0.9084982573986053
7307;2804;0.9502531364560127
7609;2804;0.7119413912296295
8416;2804;0.7119413912296295
8531;2804;0.9321175813674927
9032;2804;0.9247990697622299
2807;2806;0.2928932309150696
2815;2806;0.43290823698043823
2815;2807;0.1980111002922058
3206;2807;0.6723195314407349
2853;2811;0.485088050365448
2903;2815;0.5924124419689178
3206;2815;0.7372038960456848
2827;2826;0
2837;2836;0.389257550239563
2839;2836;0.389257550239563
2916;2836;0.389257550239563
2928;2836;0.389257550239563
3208;2836;0.9295570403337479
3906;2836;0.6269936263561249
3909;2836;0.7229279279708862
2839;2837;0
2916;2837;0
2928;2837;0
3208;2837;0.8846601247787476
3906;2837;0.389257550239563
3909;2837;0.5463356673717499
2916;2839;0
2928;2839;0
3208;2839;0.8846601247787476
3906;2839;0.389257550239563
3909;2839;0.5463356673717499
3813;2845;0.517513632774353
2928;2916;0
3208;2916;0.8846601247787476
3906;2916;0.389257550239563
3909;2916;0.5463356673717499
3208;2928;0.8846601247787476
3906;2928;0.389257550239563
3909;2928;0.5463356673717499
4412;2933;0.87708380818367
4421;2933;0.8266264051198959
6807;2933;0.36614781618118286
3004;3003;0.6638427674770355
3303;3003;0.9820919279009104
3304;3003;0.9783623889088631
9018;3003;0.9823143929243088
3303;3004;0.9819926675409079
3304;3004;0.9782424550503492
3306;3004;0.9392250329256058
9018;3004;0.9822163637727499
0408;3101;0.7189182937145233
3102;3101;0.672677755355835
3105;3101;0.8187447637319565
0408;3102;0.8794144168496132
3103;3102;0.7106723785400391
3104;3102;0.7106723785400391
3105;3102;0.6157946884632111
3104;3103;0.5211133658885956
3105;3103;0.7312407493591309
3105;3104;0.7312407493591309
3202;3201;0
3204;3201;0.5181252062320709
3204;3202;0.5181252062320709
3208;3204;0.9480432234704494
3209;3204;0.932177796959877
3213;3204;0.5800520181655884
3214;3204;0.9194838851690292
5901;3204;0.822517067193985
7008;3207;0.7627830058336258
7019;3207;0.6394264400005341
3209;3208;0.724994033575058
3210;3208;0.9250325113534927
3213;3208;0.8762780651450157
3214;3208;0.7296984493732452
3215;3208;0.904869519174099
3304;3208;0.9766935482621193
3403;3208;0.9654175415635109
3813;3208;0.8942603394389153
3906;3208;0.9295570403337479
3909;3208;0.9476744122803211
3922;3208;0.9752799589186907
4401;3208;0.9675737023353577
5901;3208;0.9477113075554371
6910;3208;0.9604990743100643
8701;3208;0.9745574463158846
3210;3209;0.7956521958112717
3213;3209;0.8384985625743866
3214;3209;0.7298611998558044
3215;3209;0.9379103258252144
3403;3209;0.9548575058579445
5901;3209;0.9317445307970047
8701;3209;0.9667883552610874
3214;3210;0.6171409487724304
3214;3213;0.8082712292671204
5901;3213;0.5773692727088928
3215;3214;0.8525786846876144
3306;3214;0.9207039847970009
3401;3214;0.9651334285736084
3404;3214;0.8618540912866592
5901;3214;0.91896952688694
8701;3214;0.9605723135173321
9612;3215;0.7716443240642548
3304;3303;0.7051758766174316
3305;3303;0.8452264666557312
3307;3303;0.8511630296707153
3401;3303;0.9768636580556631
6117;3303;0.9261659607291222
6204;3303;0.9356892257928848
6211;3303;0.9479534365236759
6217;3303;0.8780777305364609
7116;3303;0.8872103989124298
9004;3303;0.9346978589892387
9101;3303;0.8724470883607864
3305;3304;0.7234382927417755
3307;3304;0.9147513136267662
3401;3304;0.9440905563533306
6204;3304;0.9222958534955978
6217;3304;0.9207084402441978
7019;3304;0.9009690582752228
9004;3304;0.9575310684740543
9101;3304;0.889925628900528
9619;3304;0.8796235546469688
3401;3305;0.7978409975767136
9619;3305;0.7915594726800919
3401;3306;0.9332134053111076
3404;3306;0.7353827953338623
5901;3306;0.7732533514499664
6905;3306;0.9501336142420769
6906;3306;0.89723040163517
7307;3306;0.9441271275281906
7609;3306;0.6764688193798065
7615;3306;0.7851260900497437
8212;3306;0.7552472054958344
8416;3306;0.6764688193798065
8435;3306;0.8536579608917236
8516;3306;0.9259950593113899
8531;3306;0.9237582981586456
9032;3306;0.9155385568737984
3401;3307;0.9466215558350086
3402;3401;0.7090149521827698
3404;3401;0.7476105391979218
3405;3401;0.9463860057294369
4808;3401;0.957464724779129
9619;3401;0.9349349960684776
3404;3402;0.7336479127407074
3919;3402;0.9547791182994843
4821;3402;0.9552079737186432
6306;3402;0.9042035937309265
6804;3402;0.8627409487962723
3811;3403;0.6276423037052155
3812;3405;0.9246577396988869
4001;3405;0.9554926306009293
4006;3405;0.8320676982402802
4007;3405;0.763364240527153
4008;3405;0.8328880220651627
4009;3405;0.9384642355144024
4010;3405;0.8349736779928207
4013;3405;0.7881281524896622
4016;3405;0.9583020657300949
3505;3501;0.7170496582984924
3704;3703;0.7686974406242371
4707;3703;0.9442513287067413
4804;3703;0.8732547461986542
4805;3703;0.8912638202309608
4810;3703;0.8456244170665741
4811;3703;0.926415391266346
4821;3703;0.9645460955798626
8305;3703;0.8561498373746872
4804;3704;0.726018488407135
4805;3704;0.5298963487148285
4821;3704;0.8467206507921219
8305;3704;0.37808656692504883
4401;3805;0.7187061905860901
4107;3809;0.764485239982605
3815;3812;0.7396099269390106
3907;3812;0.8553424328565598
3913;3812;0.7396099269390106
3919;3812;0.9658538103103638
4001;3812;0.9326730370521545
4002;3812;0.9018721655011177
8445;3812;0.8792597129940987
8451;3812;0.8473587036132812
8477;3812;0.9199009165167809
4001;3815;0.7414380609989166
3820;3819;0.5956304371356964
3826;3819;0.6161063313484192
3902;3901;0.696972519159317
3903;3901;0.7171807289123535
3919;3901;0.8932256177067757
3903;3902;0.4180295467376709
5607;3903;0.7025460302829742
6305;3903;0.8137669563293457
6905;3903;0.9063830897212029
6911;3903;0.8701344430446625
3907;3906;0.3899109959602356
3909;3906;0.7229279279708862
3919;3907;0.9040793925523758
3920;3919;0.7046659290790558
4010;3919;0.920000746846199
4821;3919;0.9786826819181442
6306;3919;0.954408798366785
6804;3919;0.9346759915351868
9612;3919;0.9104287326335907
4001;3920;0.9561212882399559
4009;3920;0.9539242833852768
4409;3920;0.9696601554751396
4401;3922;0.9534996263682842
4412;3922;0.9748391024768353
4421;3922;0.9618189930915833
6902;3922;0.9671316668391228
6904;3922;0.9619217216968536
6905;3922;0.9740824662148952
6910;3922;0.7573538273572922
7016;3922;0.9478435292840004
6911;3924;0.778879389166832
7418;3924;0.7987063080072403
4006;4001;0.9274747148156166
4007;4001;0.8978036046028137
4008;4001;0.9278289899230003
4009;4001;0.9389883205294609
4010;4001;0.9287297278642654
4013;4001;0.78993259370327
4016;4001;0.8891632780432701
4003;4002;0.6051108241081238
4005;4002;0.6051108241081238
4006;4002;0.8496031612157822
4008;4002;0.8503378182649612
4009;4002;0.8734790980815887
8445;4002;0.7956962883472443
8451;4002;0.7417168319225311
8477;4002;0.8644649535417557
8536;4002;0.8900368735194206
4005;4003;0
4006;4003;0.6191416382789612
4008;4003;0.6210021078586578
4009;4003;0.6796040534973145
4006;4005;0.6191416382789612
4008;4005;0.6210021078586578
4009;4005;0.6796040534973145
4007;4006;0.6143992245197296
4008;4006;0.40364503860473633
4009;4006;0.45723628997802734
4010;4006;0.7310876548290253
4013;4006;0.6547523140907288
4016;4006;0.9320527240633965
8477;4006;0.8304274380207062
4008;4007;0.6162828207015991
4009;4007;0.8587035536766052
4010;4007;0.621071845293045
4013;4007;0.5135066509246826
4016;4007;0.9042545408010483
4009;4008;0.6276155412197113
4010;4008;0.7324012517929077
4013;4008;0.656438797712326
4016;4008;0.9323846399784088
5702;4008;0.8137923032045364
4010;4009;0.9014619216322899
4013;4009;0.7095614075660706
4016;4009;0.9428395554423332
4409;4009;0.9360877126455307
7304;4009;0.9015858322381973
4013;4010;0.6607266366481781
4016;4010;0.9332285150885582
8482;4010;0.8574405163526535
8483;4010;0.8662948608398438
8714;4010;0.7782721668481827
4016;4013;0.803192675113678
4814;4016;0.8936929479241371
5603;4016;0.7677811682224274
4107;4104;0.7539462000131607
4113;4104;0.46903669834136963
4113;4107;0.5365898311138153
9619;4301;0.5975142419338226
6103;4303;0.8980478569865227
6104;4303;0.8603411763906479
6105;4303;0.8352536261081696
6106;4303;0.808946043252945
6107;4303;0.8162650614976883
6108;4303;0.8792193904519081
6209;4303;0.7047228813171387
4409;4401;0.9522562213242054
6910;4401;0.9256955981254578
7016;4401;0.957531675696373
7308;4401;0.9748327881097794
7318;4401;0.9660530872642994
4407;4404;0.7323908805847168
4408;4404;0.404762327671051
4409;4404;0.8704977631568909
4410;4404;0.8945175111293793
4411;4404;0.7766998261213303
4413;4404;0.7159221768379211
4408;4407;0.8407089561223984
4409;4407;0.9173377677798271
4410;4407;0.9717719238251448
4411;4407;0.9402428343892097
4412;4407;0.9572380259633064
4413;4407;0.923978179693222
4409;4408;0.8044416010379791
4410;4408;0.937212847173214
4411;4408;0.8670833259820938
4412;4408;0.8070611655712128
4413;4408;0.6156538724899292
4410;4409;0.9674173407256603
4411;4409;0.9310244396328926
4412;4409;0.7478011548519135
4413;4409;0.9122507274150848
4421;4409;0.9227547347545624
7016;4409;0.9625653363764286
7318;4409;0.9700767248868942
4411;4410;0.7130813002586365
4412;4410;0.8808031976222992
4413;4410;0.9285262450575829
7308;4410;0.9711044039577246
7610;4410;0.958230759948492
4412;4411;0.7476674318313599
4413;4411;0.8486942946910858
7308;4411;0.9705123621970415
7610;4411;0.9573749527335167
4413;4412;0.6720943450927734
4421;4412;0.9469584599137306
6807;4412;0.8060806542634964
6910;4412;0.9014523401856422
7016;4412;0.974121954292059
7308;4412;0.9426692202687263
7610;4412;0.9323015436530113
4501;4421;0.7264762818813324
4503;4421;0.9014966785907745
4504;4421;0.8551025688648224
4601;4421;0.7995202094316483
4602;4421;0.7995202094316483
6807;4421;0.7264762818813324
6902;4421;0.9522505328059196
6904;4421;0.8700678497552872
6905;4421;0.9623483046889305
7016;4421;0.9607307389378548
7610;4421;0.9769731145352125
4503;4501;0.6398728489875793
4504;4501;0.47025638818740845
4504;4503;0.6042490303516388
4601;4503;0.7360440194606781
4602;4503;0.7360440194606781
8421;4503;0.9048635587096214
4601;4504;0.6117233037948608
4602;4504;0.6117233037948608
4602;4601;0
4804;4707;0.7695458829402924
4810;4707;0.839138463139534
4811;4707;0.9233237951993942
4820;4707;0.9259065762162209
4805;4804;0.7108530700206757
4808;4804;0.8735045790672302
4810;4804;0.8171397000551224
4811;4804;0.912837877869606
4821;4804;0.958004292100668
8305;4804;0.829607218503952
4808;4805;0.6927285194396973
4811;4805;0.8655913770198822
4821;4805;0.9279428198933601
8305;4805;0.7076362073421478
4811;4808;0.8794949427247047
4811;4810;0.5233403742313385
4821;4811;0.932644709944725
4820;4814;0.8910236582159996
4821;4814;0.9249463528394699
5603;4814;0.5422117412090302
4821;4816;0.7516016662120819
4822;4817;0.68986976146698
4821;4820;0.9609721414744854
4911;4820;0.8591779470443726
9017;4820;0.7516767829656601
4822;4821;0.8765409290790558
6306;4821;0.9548411667346954
6804;4821;0.9352954924106598
8305;4821;0.9046735167503357
5506;4911;0.7256787419319153
9702;4911;0.17634540796279907
5111;5007;0.6680508255958557
5212;5007;0.5378173589706421
5309;5007;0.6680508255958557
5407;5007;0.6673756241798401
5513;5007;0.5378173589706421
5111;5105;0.2747700810432434
5309;5111;0.5259584486484528
5503;5201;0.5131522119045258
5506;5201;0.5162665545940399
5407;5211;0.3056957721710205
5515;5211;0
6103;5211;0.7739490866661072
8446;5211;0.36614781618118286
5407;5212;0.28031837940216064
5513;5212;0
5310;5309;0.6005112826824188
5513;5407;0.28031837940216064
5515;5407;0.3056957721710205
6103;5407;0.8430518954992294
8446;5407;0.5599137544631958
5504;5503;0.2928932309150696
5506;5503;0.5289908647537231
5506;5504;0.6669462621212006
9702;5506;0.6669462621212006
6103;5515;0.7739490866661072
8446;5515;0.36614781618118286
5901;5602;0.48918068408966064
5606;5605;0.32692408561706543
7315;5605;0.8309812843799591
7320;5605;0.7332100570201874
7315;5606;0.7488860785961151
7320;5606;0.6036257445812225
6305;5607;0.748456597328186
6911;5607;0.8245916813611984
5702;5701;0.5825107395648956
5703;5701;0.6959438323974609
5704;5701;0.5620706975460052
6306;5701;0.8971465528011322
5703;5702;0.5927630364894867
5704;5702;0.41346031427383423
6306;5702;0.8622434586286545
5704;5703;0.3056957721710205
6306;5703;0.6617287993431091
6306;5704;0.7651368826627731
6906;5909;0.7701443880796432
8420;5909;0.36253637075424194
6103;6102;0.6691411733627319
6104;6102;0.4039298892021179
6105;6102;0.2968551516532898
6106;6102;0.39124494791030884
6107;6102;0.8120744079351425
6108;6102;0.8764646127820015
6109;6102;0.7895275056362152
6110;6102;0.7429736256599426
6203;6102;0.8238705396652222
9109;6102;0.5104662775993347
6104;6103;0.6063392460346222
6105;6103;0.4544790983200073
6106;6103;0.5514005422592163
6107;6103;0.8405002504587173
6108;6103;0.8413959890604019
6109;6103;0.821821391582489
6110;6103;0.6766625344753265
6112;6103;0.8882481455802917
6117;6103;0.8228684663772583
6203;6103;0.8279474824666977
6209;6103;0.8750871419906616
6307;6103;0.8271650224924088
6309;6103;0.75557442009449
8446;6103;0.8567171394824982
6105;6104;0.3849666118621826
6106;6104;0.26900845766067505
6107;6104;0.6630381941795349
6108;6104;0.7048579156398773
6109;6104;0.8745436370372772
6110;6104;0.701935738325119
6112;6104;0.8469170778989792
6117;6104;0.7573569267988205
6203;6104;0.8950144946575165
6204;6104;0.8415208607912064
6207;6104;0.7950596809387207
6209;6104;0.8288885205984116
6212;6104;0.8876776397228241
9109;6104;0.7082035839557648
6106;6105;0.3039515018463135
6107;6105;0.6101224720478058
6108;6105;0.6568455696105957
6109;6105;0.7120778560638428
6110;6105;0.4775129556655884
6112;6105;0.8194181025028229
6203;6105;0.7219771444797516
6209;6105;0.7981509864330292
9109;6105;0.6557869017124176
6107;6106;0.7011043131351471
6108;6106;0.7027828693389893
6110;6106;0.5922466218471527
6112;6106;0.7905818074941635
6117;6106;0.6680630743503571
6209;6106;0.7659186571836472
9109;6106;0.6008210778236389
6108;6107;0.6117115318775177
6109;6107;0.843942329287529
6110;6107;0.8094243258237839
6204;6107;0.7915050685405731
6207;6107;0.7303808033466339
6209;6107;0.7748859822750092
6212;6107;0.6481156647205353
6302;6107;0.8534904271364212
6307;6107;0.6885222494602203
9109;6107;0.6161130964756012
6109;6108;0.8974134102463722
6110;6108;0.7494450807571411
6112;6108;0.8676098734140396
6204;6108;0.8629430830478668
6207;6108;0.6199924647808075
6208;6108;0.8570675998926163
6209;6108;0.8520183116197586
6212;6108;0.9028606787323952
6302;6108;0.903689980506897
9109;6108;0.74764683842659
6110;6109;0.5963769555091858
6112;6109;0.7191942036151886
6201;6109;0.5934800803661346
6202;6109;0.5934800803661346
6203;6109;0.5333585739135742
6205;6109;0.5934800803661346
6206;6109;0.5934800803661346
6112;6110;0.7395580410957336
6201;6110;0.5035629868507385
6202;6110;0.5035629868507385
6203;6110;0.8311182856559753
6205;6110;0.5035629868507385
6206;6110;0.5035629868507385
6114;6112;0.826397642493248
6203;6112;0.5300272107124329
6203;6114;0.7748575806617737
6302;6114;0.904083326458931
6211;6117;0.6979279518127441
6217;6117;0.6732548773288727
7116;6117;0.34538257122039795
9004;6117;0.8249937742948532
9101;6117;0.7884405702352524
6202;6201;0
6203;6201;0.6598123908042908
6205;6201;0
6206;6201;0
6203;6202;0.6598123908042908
6205;6202;0
6206;6202;0
6205;6203;0.6598123908042908
6206;6203;0.6598123908042908
6302;6203;0.8701681643724442
6402;6203;0.8276356011629105
6403;6203;0.8703067004680634
6207;6204;0.6393310725688934
6212;6204;0.8023269027471542
6217;6204;0.7153991460800171
9004;6204;0.8475664407014847
9101;6204;0.815727949142456
6206;6205;0
6208;6207;0.6238695681095123
6212;6207;0.7443752884864807
6217;6211;0.7696731686592102
7116;6211;0.5385517776012421
9004;6211;0.8766358718276024
9101;6211;0.8508690446615219
7116;6217;0.5008609592914581
9004;6217;0.7110119462013245
9101;6217;0.6506515741348267
6307;6302;0.7648153454065323
6911;6305;0.8901785537600517
6804;6306;0.8616169095039368
7308;6306;0.9750444982200861
6309;6307;0.2928932309150696
6403;6402;0.5811074078083038
6404;6402;0.651057243347168
6405;6402;0.36681509017944336
6406;6402;0.7305686473846436
6404;6403;0.8789600059390068
6405;6403;0.6904270350933075
6406;6403;0.5342832505702972
6405;6404;0.36578571796417236
6406;6404;0.7400995492935181
6406;6405;0.6935596466064453
6902;6802;0.9192565232515335
6904;6802;0.9064579010009766
6905;6802;0.9363316744565964
6914;6802;0.8991595581173897
7114;6802;0.6062794327735901
7308;6802;0.973063001409173
9101;6802;0.8626208454370499
9105;6802;0.8072161078453064
9113;6802;0.7932424396276474
6805;6804;0.6524271070957184
6907;6804;0.7150672674179077
8460;6804;0.8088755011558533
8461;6804;0.7103401124477386
8486;6804;0.791400596499443
6907;6805;0.6394264400005341
7208;6813;0.8228119164705276
8421;6813;0.8829318135976791
8455;6813;0.6236304342746735
8482;6813;0.8880262523889542
8483;6813;0.9232902377843857
8505;6813;0.9118981510400772
7013;6814;0.6056651473045349
6904;6902;0.41371333599090576
6905;6902;0.5188342928886414
6914;6902;0.8723127990961075
7016;6902;0.625067263841629
7308;6902;0.8681622743606567
7601;6902;0.9342520833015442
7606;6902;0.925521045923233
7607;6902;0.8810795918107033
7610;6902;0.8336198180913925
9406;6902;0.7552040219306946
6905;6904;0.4175766110420227
6914;6904;0.852073147892952
7016;6904;0.5584902465343475
7308;6904;0.824241116642952
7610;6904;0.8363374471664429
9406;6904;0.7164015173912048
6906;6905;0.9510401338338852
6914;6905;0.8993153274059296
7016;6905;0.6657251417636871
7307;6905;0.9282216727733612
7308;6905;0.8803717792034149
7609;6905;0.8458683788776398
7610;6905;0.8688049018383026
8416;6905;0.8458683788776398
8480;6905;0.9299065694212914
8531;6905;0.9636781327426434
9032;6905;0.9597622156143188
9406;6905;0.80697201192379
7307;6906;0.7488082647323608
7609;6906;0.6823502779006958
8416;6906;0.6823502779006958
8420;6906;0.6394216120243073
8531;6906;0.9251442924141884
9032;6906;0.917073979973793
6914;6907;0.8081891685724258
7016;6910;0.9598511978983879
7308;6910;0.9600798450410366
7610;6910;0.9658371433615685
7323;6911;0.8373149186372757
7418;6911;0.6372785568237305
8214;6911;0.8303101360797882
8516;6911;0.9345810264348984
7308;6914;0.9574020095169544
8439;6914;0.9167004600167274
7005;7003;0.4303300380706787
7007;7003;0.5589390695095062
7008;7003;0.6339337825775146
7016;7003;0.9000514671206474
9405;7003;0.9003024473786354
7007;7004;0.7074138820171356
7009;7004;0.7093989253044128
7016;7004;0.894108772277832
7007;7005;0.7487408220767975
7008;7005;0.6571159064769745
7008;7007;0.8385424911975861
7009;7007;0.8615926206111908
7016;7007;0.7836998105049133
9405;7007;0.956027302891016
7016;7008;0.9398410245776176
7019;7008;0.8055346310138702
9405;7008;0.9399920888245106
7016;7009;0.889429971575737
8506;7009;0.8159787952899933
9002;7009;0.3947224020957947
8513;7011;0.5565250217914581
9405;7011;0.8103451281785965
7016;7013;0.9241220653057098
8208;7013;0.8125774711370468
9004;7015;0.6175990402698517
7308;7016;0.8163288235664368
7318;7016;0.9733831007033587
7604;7016;0.9367864280939102
7606;7016;0.9429919049143791
7608;7016;0.9178917333483696
7610;7016;0.730638325214386
9405;7016;0.9648713655769825
9406;7016;0.5683751106262207
9101;7114;0.6510744690895081
9105;7114;0.5103535056114197
9113;7114;0.47486215829849243
9004;7116;0.7326587736606598
9101;7116;0.6768197417259216
7216;7202;0.6885422468185425
7308;7202;0.9238737970590591
7218;7205;0.36614781618118286
7222;7205;0
8311;7205;0.7372352480888367
8462;7205;0.7054724097251892
7208;7206;0.6104943156242371
7210;7209;0.37808656692504883
7229;7209;0.37808656692504883
7403;7209;0
7502;7209;0.33258163928985596
7601;7209;0.7481496334075928
7229;7210;0.613223671913147
7403;7210;0.37808656692504883
7502;7210;0.5849235355854034
7601;7210;0.8433708697557449
7306;7216;0.8885541260242462
7308;7216;0.9762899037450552
7222;7218;0.36614781618118286
8311;7218;0.8334459960460663
8462;7218;0.8133130520582199
8311;7222;0.7372352480888367
8462;7222;0.7054724097251892
7508;7223;0.5223836302757263
8468;7223;0.6548384726047516
8545;7223;0
7604;7224;0.7303599119186401
8482;7225;0.6404097378253937
7403;7229;0.37808656692504883
7502;7229;0.5849235355854034
7601;7229;0.8433708697557449
7612;7301;0.708241194486618
8311;7301;0.8416404277086258
8515;7301;0.828343540430069
7305;7304;0.7484210729598999
7308;7304;0.9789248928427696
8421;7304;0.939380407333374
7306;7305;0.6917167603969574
7609;7307;0.8273029774427414
8416;7307;0.8273029774427414
8531;7307;0.9593031071126461
9032;7307;0.9549155086278915
7315;7308;0.9795530550181866
7318;7308;0.9869354953989387
7409;7308;0.9636489562690258
7606;7308;0.9729619845747948
7610;7308;0.7340758144855499
8407;7308;0.9789202269166708
9401;7308;0.9847285253927112
9405;7308;0.9836970642209053
9406;7308;0.8240047693252563
7612;7310;0.7494948506355286
7408;7312;0.8960600718855858
7413;7312;0.7695171236991882
7505;7312;0.7695171236991882
7614;7312;0.7695171236991882
8535;7312;0.9428632073104382
8536;7312;0.9484838880598545
7320;7315;0.9004649147391319
7610;7315;0.9704434778541327
8440;7317;0.6979371905326843
7415;7318;0.7466058433055878
8203;7318;0.8430184125900269
8432;7318;0.9819726124405861
9405;7318;0.9678749777376652
8448;7320;0.760088250041008
8214;7323;0.6916822493076324
7502;7403;0.33258163928985596
7601;7403;0.7481496334075928
7407;7405;0.3519704341888428
7408;7405;0.562970370054245
7409;7405;0.6164374351501465
7410;7405;0.37808656692504883
7411;7405;0
7408;7407;0.7167918682098389
7409;7407;0.7514401078224182
7410;7407;0.5969817042350769
7411;7407;0.3519704341888428
7419;7407;0.6952581405639648
7409;7408;0.8323718011379242
7410;7408;0.7282054126262665
7411;7408;0.562970370054245
7413;7408;0.5490340292453766
7505;7408;0.5490340292453766
7614;7408;0.5490340292453766
7410;7409;0.7614572942256927
7411;7409;0.6164374351501465
7411;7410;0.37808656692504883
7505;7413;0
7614;7413;0
8203;7415;0.6634406447410583
7615;7418;0.6647940874099731
7508;7419;0.8107403665781021
8105;7501;0.5517131686210632
8468;7501;0.8591810464859009
7601;7502;0.6226499080657959
7614;7505;0
8468;7508;0.8351452052593231
8545;7508;0.5223836302757263
7603;7601;0.8826320469379425
7604;7601;0.9246679693460464
7605;7601;0.7551065683364868
7606;7601;0.7819239050149918
7607;7601;0.7602730393409729
7608;7601;0.8043020814657211
7610;7601;0.9475916177034378
7615;7601;0.8645239472389221
7605;7603;0.5207386612892151
7606;7603;0.8670461028814316
7608;7603;0.8085076361894608
7610;7603;0.9487178772687912
7606;7604;0.6029495000839233
7607;7604;0.6988781690597534
7608;7604;0.7386781573295593
7610;7604;0.886678896844387
7615;7604;0.829828068614006
8483;7604;0.9434928186237812
7606;7605;0.7225857973098755
7608;7605;0.6004427075386047
7610;7605;0.8929975777864456
7607;7606;0.5797564387321472
7608;7606;0.653488427400589
7610;7606;0.829035222530365
7615;7606;0.8465333133935928
7608;7607;0.8230173885822296
7610;7607;0.9526036195456982
7615;7607;0.7549600154161453
7610;7608;0.8663457930088043
7615;7608;0.7789632678031921
8416;7609;0
8531;7609;0.7643451392650604
9032;7609;0.7389388084411621
7615;7610;0.9408058188855648
9406;7610;0.7827467173337936
8212;7615;0.6313233077526093
8435;7615;0.7795616537332535
8516;7615;0.8885246738791466
8211;8208;0.6969064176082611
8311;8209;0.7007218897342682
8439;8210;0.7380311489105225
8212;8211;0.6056267619132996
8435;8212;0.7489090263843536
8516;8212;0.8730236887931824
9029;8214;0.6239010989665985
8462;8311;0.9226085320115089
8468;8311;0.8864950984716415
8410;8406;0.5973939299583435
8411;8406;0.5147731900215149
8412;8406;0.8353883475065231
8421;8406;0.8863562121987343
8516;8406;0.9053512364625931
8408;8407;0.4413865804672241
8409;8407;0.7218433320522308
8410;8407;0.8526836931705475
8412;8407;0.7044908106327057
8511;8407;0.7148620784282684
9401;8407;0.9478309713304043
8409;8408;0.7137166857719421
8410;8408;0.9313928782939911
8412;8408;0.6958571970462799
8511;8408;0.5794766843318939
8701;8408;0.9353816956281662
8412;8409;0.6355004608631134
8411;8410;0.7100313305854797
8412;8410;0.5716550350189209
8421;8410;0.9320871457457542
8511;8410;0.9119085818529129
8516;8410;0.943438459187746
9032;8410;0.9120264053344727
8421;8411;0.7657924443483353
8511;8412;0.8892663717269897
8531;8416;0.7643451392650604
9032;8416;0.7389388084411621
8515;8422;0.6931617558002472
8432;8424;0.964163027703762
8515;8424;0.9058311283588409
8540;8424;0.7618048787117004
8701;8432;0.7227126955986023
9018;8432;0.9867184227332473
9405;8432;0.9775039795786142
8461;8435;0.7610534876585007
8516;8435;0.924078606069088
8451;8445;0.6821983754634857
8477;8445;0.8332324326038361
8477;8451;0.7891704738140106
8482;8455;0.7024898827075958
8505;8455;0.7659166604280472
8462;8460;0.8919053226709366
8486;8460;0.8420445621013641
8515;8460;0.9057836532592773
8515;8462;0.9243909269571304
8477;8465;0.7614757418632507
8480;8465;0.7684502154588699
8515;8466;0.6901365518569946
8545;8468;0.6548384726047516
8486;8475;0.8130106180906296
8480;8477;0.874431848526001
8483;8482;0.76343734562397
8505;8482;0.9303578361868858
8505;8483;0.952290304005146
8714;8483;0.914998434484005
8507;8506;0.7614753395318985
8609;8507;0.7458217442035675
8509;8508;0.6656728982925415
8514;8508;0.7952494472265244
8516;8508;0.7550100982189178
8514;8509;0.7539465725421906
8516;8509;0.8718411028385162
8535;8511;0.9322309643030167
8536;8511;0.9262277483940125
9030;8511;0.7456926703453064
9405;8513;0.7022509872913361
8516;8514;0.8297459334135056
8535;8518;0.921484112739563
8540;8518;0.7332100570201874
9032;8531;0.938479658216238
8536;8535;0.7193001806735992
8540;8535;0.8666736036539078
8603;8601;0.613135427236557
9018;8701;0.977900767698884
8705;8704;0.6683927476406097
8706;8704;0.6628250479698181
8803;8705;0.956028874963522
8805;8705;0.942495871335268
9401;8715;0.7785774916410446
8805;8803;0.7784496545791626
8902;8901;0.7190085053443909
8903;8901;0.933062456548214
8905;8901;0.9409615322947502
8906;8901;0.8001566380262375
8904;8902;0.5378173589706421
8905;8902;0.8821310997009277
8906;8902;0.6288773119449615
8905;8903;0.9355446621775627
8906;8903;0.9028126150369644
8905;8904;0.7449733316898346
8906;8904;0.6154643893241882
8906;8905;0.5794118344783783
9004;9003;0.6306349039077759
9101;9004;0.8128873556852341
9011;9005;0.5051474869251251
9018;9011;0.915099523961544
9022;9011;0.7489452362060547
9301;9013;0.6992622315883636
9022;9018;0.7190879881381989
9102;9101;0.7201833426952362
9105;9101;0.8291498422622681
9113;9101;0.5886516869068146
9113;9105;0.7428681254386902
9303;9301;0.7475934624671936
9305;9301;0.8009176999330521
9306;9301;0.858048677444458
9305;9303;0.7668569684028625
9306;9303;0.8337624073028564
9306;9305;0.5779269635677338
9405;9401;0.9560951814055443
9406;9401;0.9363934174180031
9406;9405;0.9368016496300697
9504;9503;0.7276569604873657
9508;9503;0.6802488565444946
9508;9504;0.5823480486869812
